Indiana Snowfall, August 2017
"GHCN ID","Station Name",County,Elevation,Latitude,Longitude,"Aug 1","Aug 2","Aug 3","Aug 4","Aug 5","Aug 6","Aug 7","Aug 8","Aug 9","Aug 10","Aug 11","Aug 12","Aug 13","Aug 14","Aug 15","Aug 16","Aug 17","Aug 18","Aug 19","Aug 20","Aug 21","Aug 22","Aug 23","Aug 24","Aug 25","Aug 26","Aug 27","Aug 28","Aug 29","Aug 30","Aug 31"
US1INDL0025,"(K9CJC) SPRINGPORT 3.5 NE","DELAWARE",1036,40.09,-85.35,0.0,0.0,M,M,0.0,M,M,0.0,0.0,M,0.0,M,M,0.0,0.0,M,M,M,0.0,M,0.0,M,M,0.0,0.0,M,M,0.0,M,0.0,0.0
US1INCS0013,"(K9EQT)LOGANSPORT 3.9 NNW","CASS",751,40.81,-86.39,M,M,M,M,M,M,M,M,M,M,M,M,M,M,M,M,M,M,M,M,M,M,M,M,M,M,M,M,0.0,M,M
US1INDR0010,"(K9GPS)LAWRENCEBURG 0.7 NW","DEARBORN",848,39.11,-84.88,M,0.0,M,M,M,M,M,M,M,M,M,M,M,M,M,M,M,M,M,M,M,M,M,M,M,M,M,M,M,M,M
US1INMG0023,"(K9OJS)CLOVERDALE 8.4 E","MORGAN",808,39.51,-86.64,0.0,M,0.0,0.0,0.0,0.0,M,0.0,0.0,0.0,0.0,M,0.0,0.0,0.0,0.0,0.0,M,0.0,0.0,M,M,M,0.0,0.0,0.0,M,M,M,0.0,0.0
US1INDL0026,"(K9TKO) SPRINGPORT 3.6 NE","DELAWARE",1042,40.08,-85.34,0.0,0.0,M,M,0.0,M,M,M,M,M,M,M,0.0,0.0,0.0,0.0,M,M,M,M,0.0,M,M,0.0,0.0,0.0,0.0,M,M,0.0,0.0
US1INRN0004,"(K9UZZ) SARATOGA 3.4 WNW","RANDOLPH",1023,40.26,-84.97,0.0,0.0,0.0,M,M,0.0,0.0,0.0,0.0,M,0.0,M,0.0,0.0,0.0,0.0,0.0,M,0.0,0.0,M,M,M,0.0,M,0.0,M,0.0,M,M,0.0
US1INHW0018,"(K9VEZ)INDIAN HEIGHTS 3.6 W","HOWARD",839,40.43,-86.18,0.0,M,0.0,M,0.0,0.0,0.0,0.0,0.0,0.0,0.0,0.0,0.0,0.0,0.0,0.0,0.0,M,0.0,0.0,M,M,M,0.0,0.0,0.0,0.0,M,M,0.0,M
US1INTN0009,"(K9WKK)TIPTON 1.3 NW","TIPTON",876,40.30,-86.06,0.0,0.0,0.0,M,0.0,0.0,M,0.0,0.0,0.0,M,0.0,0.0,0.0,0.0,0.0,M,0.0,M,0.0,M,M,M,M,0.0,0.0,0.0,M,M,0.0,0.0
US1INBL0011,"(KA9VIS) HARTFORD CITY 0.7 N","BLACKFORD",927,40.46,-85.37,0.0,0.0,0.0,M,0.0,0.0,0.0,M,0.0,M,0.0,M,0.0,0.0,0.0,0.0,M,M,M,0.0,M,M,M,0.0,0.0,0.0,0.0,M,M,0.0,0.0
US1INLP0051,"(KA9WNQ)LA PORTE 1.7 SW","LAPORTE",820,41.59,-86.74,M,M,M,M,M,M,M,M,M,M,M,M,M,M,M,M,M,M,0.0,M,M,M,M,0.0,0.0,0.0,M,M,M,M,0.0
US1INGR0026,"(KB9CRA)GAS CITY 0.3 N","GRANT",852,40.49,-85.61,M,M,0.0,M,0.0,M,M,0.0,0.0,0.0,0.0,0.0,0.0,0.0,0.0,0.0,M,M,0.0,0.0,M,0.0,M,0.0,0.0,M,M,M,0.0,M,M
US1INPT0125,"(KB9F)VALPARAISO 4.5 S","PORTER",741,41.41,-87.04,M,M,0.0,M,M,M,M,0.0,0.0,M,M,M,M,0.0,0.0,0.0,M,M,M,M,0.0,M,M,0.0,0.0,M,M,M,M,0.0,0.0
US1INST0010,"(KB9GPW)NORTH JUDSON 3.9 SW","STARKE",710,41.18,-86.83,0.0,M,0.0,M,M,M,0.0,0.0,0.0,M,M,M,M,0.0,0.0,0.0,M,M,M,M,M,M,0.0,0.0,0.0,M,0.0,M,M,0.0,M
US1INLW0022,"(KB9LGS)OOLITIC 2.2 N","LAWRENCE",616,38.92,-86.53,0.0,M,0.0,0.0,0.0,0.0,M,0.0,0.0,0.0,0.0,M,0.0,0.0,0.0,0.0,0.0,0.0,M,0.0,0.0,M,M,0.0,0.0,0.0,0.0,M,M,M,M
US1INHY0014,"(KB9VZU) NEW CASTLE 2.2 SW","HENRY",1059,39.90,-85.39,0.0,M,M,M,M,M,M,M,M,M,M,M,M,M,M,M,M,M,M,M,M,M,M,M,M,M,M,M,M,M,0.0
US1INRN0007,"(KB9ZZG) ALBANY 2.9 E","RANDOLPH",955,40.30,-85.18,0.0,M,0.0,M,0.0,0.0,M,0.0,0.0,M,0.0,0.0,0.0,0.0,0.0,0.0,M,M,M,M,M,M,M,0.0,0.0,0.0,0.0,M,M,M,0.0
US1INBL0012,"(KC9CGY) HARTFORD CITY 0.5 SSE","BLACKFORD",892,40.45,-85.37,0.0,0.0,0.0,M,0.0,M,0.0,M,0.0,M,0.0,M,0.0,0.0,0.0,0.0,M,M,0.0,0.0,M,0.0,M,0.0,0.0,0.0,M,M,M,0.0,0.0
US1INBL0015,"(KC9DCR)HARTFORD CITY 0.3 SSW","BLACKFORD",907,40.45,-85.37,0.0,0.0,0.0,M,0.0,0.0,0.0,0.0,0.0,M,0.0,0.0,0.0,0.0,0.0,0.0,M,M,0.0,0.0,0.0,0.0,M,0.0,0.0,0.0,0.0,0.0,M,0.0,0.0
US1INHW0020,"(KC9DHF)KOKOMO 4.4 E","HOWARD",836,40.47,-86.05,0.0,M,0.0,M,0.0,0.0,M,0.0,0.0,M,0.0,0.0,0.0,0.0,0.0,0.0,M,M,M,M,M,0.0,M,0.0,0.0,0.0,0.0,M,0.0,0.0,0.0
US1INRN0006,"(KC9FXU) WINCHESTER 2.2 WSW","RANDOLPH",1105,40.16,-85.02,0.0,0.0,0.0,M,0.0,0.0,0.0,0.0,0.0,M,0.0,0.0,M,0.0,0.0,0.0,0.0,M,M,0.0,0.0,M,M,0.0,0.0,0.0,0.0,0.0,M,M,0.0
US1INHW0021,"(KC9IYD)KOKOMO 4.0 WNW","HOWARD",814,40.49,-86.21,0.0,M,M,M,0.0,0.0,M,M,0.0,M,0.0,0.0,0.0,0.0,0.0,0.0,M,M,0.0,0.0,M,M,M,0.0,0.0,M,M,0.0,M,0.0,0.0
US1INJY0008,"(KC9LQY) PORTLAND 5.4 SW","JAY",942,40.39,-85.06,0.0,M,0.0,M,0.0,0.0,M,0.0,0.0,M,0.0,M,0.0,0.0,0.0,0.0,M,M,0.0,0.0,M,M,0.0,M,M,M,M,M,M,0.0,0.0
US1INGR0024,"(KC9QCJ) SHAMROCK LAKES 3.0 NN","GRANT",901,40.45,-85.45,0.0,M,0.0,M,M,0.0,M,0.0,0.0,M,0.0,M,M,0.0,0.0,M,M,M,M,M,M,M,M,M,M,0.0,0.0,M,M,0.0,0.0
US1INMN0023,"(KC9RPX)ELLETTSVILLE 0.5 W","MONROE",781,39.23,-86.63,0.0,M,M,0.0,0.0,0.0,M,0.0,0.0,0.0,0.0,M,0.0,0.0,0.0,0.0,M,M,M,0.0,0.0,M,M,0.0,0.0,0.0,0.0,M,M,0.0,0.0
US1INDL0040,"(KC9TLC) MUNCIE 0.6 W","DELAWARE",938,40.20,-85.40,0.0,0.0,0.0,M,M,M,M,0.0,M,M,M,M,M,0.0,M,M,M,M,M,0.0,0.0,M,0.0,M,M,0.0,M,M,M,M,M
US1INLP0054,"(KC9YKU)NEW CARLISLE 7.3 WNW","LAPORTE",706,41.75,-86.64,0.0,M,0.0,M,M,M,0.0,0.0,0.0,M,M,M,M,0.0,0.0,0.0,M,M,0.0,M,M,M,0.0,M,0.0,0.0,M,M,0.0,0.0,M
US1INRN0012,"(KC9ZPE) MODOC 0.1 NNW","RANDOLPH",1173,40.05,-85.13,0.0,0.0,0.0,M,M,M,0.0,0.0,0.0,M,M,M,M,0.0,M,0.0,M,M,M,M,0.0,M,M,0.0,0.0,M,M,0.0,M,0.0,0.0
US1INDL0039,"(KC9ZUA) MUNCIE 2.5 W","DELAWARE",946,40.20,-85.44,M,0.0,M,M,M,0.0,M,M,0.0,M,0.0,0.0,M,M,M,0.0,M,M,M,0.0,M,M,M,M,M,M,M,M,M,M,M
US1INGR0029,"(KD9CQQ)UPLAND 0.7 ENE","GRANT",938,40.47,-85.50,M,M,M,M,M,M,M,M,0.0,M,M,M,M,M,M,0.0,M,M,M,M,M,M,M,0.0,M,M,M,M,M,0.0,0.0
US1INDL0043,"(KD9GQA)MUNCIE 1.7 N","DELAWARE",950,40.22,-85.40,M,M,M,M,M,M,M,0.0,M,M,0.0,M,M,M,0.0,M,M,M,M,0.0,M,M,M,0.0,0.0,M,M,M,M,M,M
US1INST0009,"(KE9ML)NORTH JUDSON 0.7 SSW","STARKE",711,41.21,-86.78,0.0,M,M,M,M,M,0.0,M,0.0,M,M,M,M,M,M,M,M,M,M,M,M,M,M,M,0.0,0.0,0.0,M,M,0.0,0.0
US1INRS0007,"(N9DGQ)RUSHVILLE 4.9 NNW","RUSH",986,39.68,-85.47,M,0.0,M,M,0.0,0.0,M,M,0.0,0.0,0.0,0.0,0.0,0.0,0.0,M,0.0,M,0.0,0.0,0.0,M,M,0.0,0.0,0.0,0.0,0.0,M,M,0.0
US1INHY0019,"(N9EDC) NEW CASTLE 3.4 WNW","HENRY",1055,39.94,-85.42,0.0,M,M,M,0.0,M,0.0,M,M,M,M,0.0,0.0,M,M,0.0,M,M,M,M,0.0,M,M,M,0.0,0.0,M,M,M,M,M
US1INGR0025,"(N9FPC) FAIRMOUNT 0.5 NE","GRANT",876,40.42,-85.64,M,M,M,M,0.0,0.0,M,M,0.0,M,M,0.0,0.0,M,M,M,M,M,M,0.0,M,M,M,M,M,0.0,0.0,M,M,M,M
US1INMG0024,"(N9JPX)PARAGON 3.2 ENE","MORGAN",593,39.41,-86.50,0.0,M,0.0,0.0,0.0,0.0,M,0.0,0.0,M,0.0,0.0,0.0,0.0,0.0,0.0,M,M,M,0.0,0.0,M,M,0.0,0.0,M,0.0,M,M,M,0.0
US1INHN0034,"(N9MRC)WILKINSON 4.1 W","HANCOCK",938,39.88,-85.69,M,M,M,M,M,M,M,M,M,M,M,M,M,M,M,0.0,M,M,M,M,M,M,M,0.0,0.0,M,M,0.0,M,0.0,0.0
US1INLP0050,"(N9ROM)TRAIL CREEK 4.5 ESE","LAPORTE",809,41.67,-86.78,0.0,M,M,M,M,M,M,M,0.0,M,M,M,M,0.0,0.0,0.0,M,M,0.0,M,M,M,0.0,0.0,M,M,0.0,M,M,0.0,M
US1INMD0035,"(N9XXT) ANDERSON 2.0 ENE","MADISON",896,40.11,-85.66,M,M,M,M,M,M,M,M,M,M,M,M,M,M,M,M,M,M,M,M,0.0,M,M,M,M,M,M,0.0,M,M,M
US1INDL0029,"(NQ8E) MUNCIE 0.6 NE","DELAWARE",949,40.20,-85.38,M,M,M,M,M,M,M,M,M,M,M,M,M,M,M,M,M,M,M,M,M,M,M,M,0.0,M,M,M,M,M,M
US1INOW0014,"(W9HRZ)SPENCER 0.2 W","OWEN",554,39.29,-86.77,0.0,M,0.0,0.0,0.0,M,0.0,0.0,0.0,0.0,0.0,M,0.0,0.0,0.0,M,M,0.0,0.0,0.0,M,M,M,0.0,0.0,0.0,0.0,M,M,0.0,0.0
US1INLK0059,"(W9MAL)MERRILLVILLE 2.0 NNW","LAKE",632,41.50,-87.35,M,0.0,M,M,M,M,M,M,0.0,M,M,M,M,M,M,M,M,M,0.0,M,0.0,M,0.0,0.0,M,0.0,0.0,M,M,0.0,M
US1INJS0060,"(W9OPR)WHEATFIELD 1.4 ENE","JASPER",669,41.20,-87.03,0.0,M,0.0,M,M,M,0.0,0.0,0.0,M,M,M,M,0.0,0.0,0.0,M,0.0,M,M,M,M,M,0.0,0.0,0.0,0.0,M,M,0.0,0.0
US1INHT0011,"(WA9QGL)ANDREWS 3.2 ESE","HUNTINGTON",807,40.84,-85.55,M,M,0.0,M,0.0,0.0,0.0,0.0,0.0,0.0,M,0.0,0.0,0.0,0.0,0.0,M,M,0.0,0.0,0.0,M,M,M,0.0,0.0,0.0,M,M,0.0,0.0
US1INCS0011,"(WA9TTB)GALVESTON 1.0 ESE","CASS",788,40.57,-86.17,0.0,M,0.0,M,0.0,0.0,0.0,0.0,0.0,0.0,0.0,0.0,0.0,0.0,0.0,0.0,M,M,0.0,0.0,M,0.0,M,0.0,0.0,0.0,0.0,M,0.0,0.0,0.0
US1INDL0028,"(WB9USA) YORKTOWN 1.1 NNE","DELAWARE",936,40.19,-85.47,M,M,0.0,M,M,M,M,M,M,M,M,M,M,M,M,M,M,M,M,M,M,M,M,M,M,M,M,M,M,M,M
US1INMD0032,"(WD9GWM) ALEXANDRIA 2.1 N","MADISON",1052,39.88,-85.41,0.0,M,M,M,0.0,0.0,M,0.0,0.0,M,M,M,0.0,0.0,M,0.0,M,M,M,0.0,M,M,M,0.0,0.0,M,M,0.0,M,M,0.0
US1INBW0014,"(WD9HTN)COLUMBUS 8.5 WSW","BARTHOLOMEW",807,39.14,-86.05,0.0,M,0.0,0.0,0.0,0.0,M,M,0.0,0.0,0.0,M,0.0,0.0,0.0,0.0,0.0,M,M,M,0.0,0.0,M,M,0.0,0.0,0.0,0.0,M,M,0.0
US1INNB0004,"ALBION 2.8 ENE","NOBLE",933,41.40,-85.37,0.0,M,0.0,M,M,0.0,0.0,0.0,0.0,0.0,M,0.0,0.0,0.0,0.0,0.0,M,M,M,0.0,M,M,0.0,0.0,0.0,0.0,0.0,M,0.0,M,0.0
USC00120132,"ALPINE 2 NE","FAYETTE",767,39.57,-85.16,0.0,0.0,0.0,0.0,0.0,0.0,0.0,0.0,0.0,0.0,0.0,0.0,0.0,0.0,0.0,0.0,0.0,0.0,0.0,0.0,0.0,0.0,0.0,0.0,0.0,0.0,0.0,0.0,0.0,0.0,0.0
US1INMD0025,"ANDERSON 2.0 S","MADISON",889,40.06,-85.69,0.0,0.0,0.0,M,0.0,0.0,M,0.0,0.0,0.0,M,M,0.0,0.0,0.0,0.0,0.0,M,M,0.0,0.0,0.0,M,0.0,0.0,0.0,0.0,M,M,0.0,0.0
USC00120177,"ANDERSON SEWAGE PLANT","MADISON",841,40.11,-85.72,0.0,0.0,0.0,0.0,0.0,0.0,0.0,0.0,0.0,0.0,0.0,0.0,0.0,0.0,0.0,0.0,0.0,0.0,0.0,0.0,0.0,0.0,0.0,0.0,0.0,0.0,0.0,0.0,0.0,0.0,0.0
USC00120200,"ANGOLA","STEUBEN",1020,41.66,-85.02,0.0,0.0,0.0,0.0,0.0,0.0,0.0,0.0,0.0,0.0,0.0,0.0,0.0,0.0,0.0,0.0,0.0,0.0,0.0,0.0,0.0,0.0,0.0,0.0,0.0,0.0,0.0,0.0,0.0,0.0,0.0
US1INSN0025,"ANGOLA 1.2 S","STEUBEN",1038,41.62,-85.00,0.0,0.0,0.0,M,M,0.0,0.0,0.0,0.0,0.0,M,0.0,0.0,0.0,M,0.0,M,M,M,0.0,0.0,M,0.0,0.0,0.0,0.0,0.0,M,M,M,0.0
US1INSN0009,"ANGOLA 4.1 N","STEUBEN",1076,41.70,-84.99,0.0,0.0,0.0,M,M,0.0,0.0,0.0,0.0,0.0,M,M,0.0,0.0,0.0,0.0,M,M,M,0.0,0.0,M,M,0.0,0.0,0.0,0.0,0.0,M,0.0,0.0
US1INDK0005,"AUBURN 0.8 NE","DEKALB",876,41.37,-85.05,M,M,M,0.0,0.0,0.0,0.0,0.0,0.0,0.0,M,0.0,0.0,0.0,0.0,0.0,M,M,M,0.0,M,M,M,0.0,0.0,0.0,0.0,M,M,M,0.0
US1INOH0001,"AURORA 3.6 SSE","OHIO",735,39.02,-84.89,0.0,0.0,M,0.0,M,0.0,M,M,0.0,0.0,0.0,0.0,0.0,0.0,M,0.0,0.0,M,M,M,0.0,0.0,M,0.0,0.0,0.0,0.0,0.0,M,M,0.0
US1INDR0003,"AURORA 3.9 W","DEARBORN",697,39.07,-84.98,0.0,M,M,0.0,M,0.0,M,M,0.0,0.0,0.0,M,0.0,0.0,M,0.0,0.0,M,0.0,0.0,0.0,0.0,M,0.0,0.0,M,0.0,0.0,M,M,0.0
USC00120014,"AVILLA 3SW","NOBLE",990,41.35,-85.30,0.0,0.0,0.0,0.0,0.0,0.0,0.0,0.0,0.0,0.0,0.0,0.0,0.0,0.0,0.0,0.0,0.0,0.0,0.0,0.0,0.0,0.0,0.0,0.0,0.0,0.0,0.0,0.0,0.0,0.0,0.0
US1INHS0021,"AVON 1.6 NNW","HENDRICKS",841,39.78,-86.39,0.0,M,0.0,M,0.0,0.0,M,0.0,0.0,0.0,M,M,0.0,0.0,0.0,0.0,M,M,M,0.0,0.0,M,M,0.0,0.0,0.0,0.0,M,M,0.0,0.0
US1INRP0006,"BATESVILLE 0.4 SSW","RIPLEY",976,39.29,-85.22,0.0,M,M,M,M,M,M,M,M,M,M,M,M,M,M,M,M,M,M,M,0.0,0.0,M,M,M,0.0,M,M,M,M,M
US1INRP0011,"BATESVILLE 0.5 NNE","RIPLEY",973,39.30,-85.22,0.0,M,M,M,0.0,M,M,M,0.0,0.0,0.0,M,0.0,0.0,0.0,0.0,0.0,M,M,M,0.0,0.0,M,0.0,0.0,0.0,0.0,M,M,M,0.0
US1INRP0012,"BATESVILLE 1.3 SW","RIPLEY",968,39.28,-85.24,0.0,M,M,M,0.0,0.0,M,M,M,0.0,0.0,M,0.0,0.0,0.0,0.0,0.0,M,M,M,0.0,0.0,M,0.0,0.0,0.0,0.0,M,M,M,M
US1INRP0005,"BATESVILLE 4.3 SSW","RIPLEY",932,39.24,-85.25,0.0,M,M,M,0.0,0.0,M,0.0,0.0,0.0,0.0,0.0,0.0,0.0,0.0,0.0,0.0,M,M,0.0,0.0,0.0,0.0,0.0,0.0,0.0,0.0,0.0,M,M,0.0
US1INLW0009,"BEDFORD 3.7 N","LAWRENCE",636,38.91,-86.48,0.0,M,0.0,0.0,0.0,0.0,M,M,0.0,0.0,0.0,0.0,0.0,0.0,0.0,0.0,0.0,0.0,0.0,0.0,M,M,M,0.0,0.0,0.0,0.0,M,M,M,0.0
USW00063898,"BEDFORD 5 WNW","LAWRENCE",760,38.89,-86.57,M,M,M,M,M,M,M,M,0.0,M,M,M,M,M,M,M,M,M,M,M,M,M,M,M,M,M,M,M,M,0.0,0.0
US1INLW0005,"BEDFORD 6.5 SE","LAWRENCE",705,38.79,-86.41,0.0,M,0.0,0.0,0.0,0.0,M,0.0,0.0,0.0,0.0,0.0,0.0,0.0,0.0,0.0,0.0,0.0,0.0,0.0,M,M,M,0.0,0.0,0.0,0.0,0.0,M,M,0.0
US1INLW0008,"BEDFORD 8.6 NNW","LAWRENCE",713,38.97,-86.56,0.0,M,0.0,0.0,0.0,0.0,M,M,0.0,0.0,0.0,M,0.0,0.0,0.0,0.0,0.0,0.0,0.0,0.0,M,M,M,0.0,0.0,0.0,0.0,M,M,M,M
US1INMR0145,"BEECH GROVE 4.1 ESE","MARION",839,39.70,-86.01,0.0,M,M,0.0,0.0,0.0,0.0,0.0,0.0,0.0,0.0,M,0.0,0.0,0.0,0.0,M,M,0.0,0.0,0.0,M,M,0.0,0.0,0.0,0.0,M,M,M,M
USC00120676,"BERNE WWTP","ADAMS",839,40.67,-84.93,0.0,0.0,0.0,0.0,0.0,0.0,0.0,0.0,0.0,0.0,0.0,0.0,0.0,0.0,0.0,0.0,0.0,0.0,0.0,0.0,0.0,0.0,0.0,0.0,0.0,0.0,0.0,0.0,0.0,0.0,0.0
US1INPY0001,"BIRDSEYE 8.2 S","PERRY",451,38.20,-86.72,0.0,M,M,0.0,0.0,M,M,0.0,0.0,0.0,0.0,M,0.0,M,0.0,0.0,0.0,M,0.0,M,M,M,M,0.0,0.0,0.0,0.0,M,M,M,0.0
US1INGN0007,"BLOOMFIELD 4.5 ENE","GREENE",521,39.06,-86.87,0.0,M,0.0,0.0,M,0.0,M,0.0,0.0,0.0,0.0,M,0.0,0.0,0.0,0.0,M,M,0.0,M,M,M,M,0.0,0.0,0.0,0.0,M,M,0.0,0.0
US1INMN0026,"BLOOMINGTON 1.1 W","MONROE",818,39.17,-86.54,0.0,0.0,0.0,0.0,0.0,0.0,M,0.0,0.0,0.0,0.0,M,0.0,0.0,0.0,0.0,0.0,M,0.0,0.0,0.0,0.0,M,0.0,0.0,0.0,0.0,M,0.0,M,0.0
US1INMN0007,"BLOOMINGTON 6.5 WNW","MONROE",833,39.21,-86.63,0.0,0.0,M,0.0,0.0,0.0,M,0.0,M,0.0,0.0,M,0.0,0.0,0.0,0.0,M,M,M,0.0,0.0,M,M,0.0,0.0,0.0,0.0,M,M,0.0,M
US1INMN0008,"BLOOMINGTON 6.9 S","MONROE",732,39.07,-86.53,0.0,M,0.0,M,0.0,M,M,M,0.0,0.0,0.0,0.0,0.0,0.0,0.0,0.0,0.0,M,0.0,0.0,0.0,M,M,0.0,0.0,0.0,0.0,M,M,M,M
USC00120784,"BLOOMINGTON INDIANA UNIV","MONROE",830,39.17,-86.52,0.0,0.0,0.0,0.0,0.0,0.0,0.0,0.0,0.0,0.0,0.0,0.0,0.0,0.0,0.0,0.0,0.0,0.0,0.0,0.0,0.0,0.0,0.0,0.0,0.0,0.0,0.0,0.0,0.0,0.0,0.0
US1INWL0011,"BLUFFTON 0.9 SE","WELLS",828,40.73,-85.16,0.0,M,M,M,M,M,M,M,M,0.0,0.0,M,M,0.0,M,M,M,M,0.0,0.0,0.0,M,M,0.0,M,M,0.0,M,M,M,0.0
US1INWL0008,"BLUFFTON 1.7 NNE","WELLS",843,40.76,-85.16,0.0,0.0,0.0,M,0.0,0.0,M,0.0,0.0,0.0,0.0,0.0,M,0.0,0.0,0.0,0.0,M,0.0,0.0,M,M,M,0.0,M,0.0,0.0,M,M,M,0.0
USC00120830,"BLUFFTON 6N","WELLS",861,40.81,-85.15,0.0,0.0,0.0,0.0,0.0,0.0,0.0,0.0,0.0,0.0,0.0,0.0,0.0,0.0,0.0,0.0,0.0,0.0,0.0,0.0,0.0,0.0,0.0,0.0,0.0,0.0,0.0,0.0,0.0,0.0,0.0
US1INWK0012,"BOONVILLE 1.4 N WBNL RADIO","WARRICK",466,38.06,-87.27,0.0,M,0.0,0.0,0.0,0.0,M,0.0,0.0,0.0,0.0,0.0,0.0,M,0.0,0.0,M,M,M,M,M,M,M,0.0,0.0,0.0,0.0,0.0,M,M,0.0
USC00120852,"BOONVILLE 1S","WARRICK",400,38.03,-87.27,0.0,M,M,0.0,0.0,0.0,M,M,M,M,M,0.0,0.0,0.0,M,M,M,M,M,M,M,M,M,M,M,M,M,M,M,0.0,0.0
US1INWK0005,"BOONVILLE 2.4 N","WARRICK",469,38.08,-87.28,0.0,M,0.0,0.0,0.0,0.0,M,0.0,0.0,0.0,0.0,M,0.0,M,0.0,0.0,M,M,M,M,M,M,M,0.0,0.0,0.0,0.0,0.0,M,M,0.0
USC00120877,"BOWLING GREEN 1 W","CLAY",601,39.39,-87.04,0.0,0.0,0.0,0.0,0.0,0.0,0.0,0.0,0.0,0.0,0.0,0.0,0.0,0.0,0.0,0.0,0.0,0.0,0.0,0.0,0.0,0.0,0.0,0.0,0.0,0.0,0.0,0.0,0.0,0.0,0.0
USC00120922,"BRAZIL","CLAY",679,39.51,-87.12,0.0,0.0,0.0,M,M,M,M,M,M,M,M,M,M,M,M,M,M,M,M,M,M,M,M,M,M,M,M,M,M,M,M
US1INMG0011,"BROOKLYN 0.5 ENE","MORGAN",686,39.54,-86.36,0.0,M,0.0,0.0,0.0,M,M,0.0,0.0,0.0,0.0,M,0.0,0.0,0.0,0.0,M,M,M,0.0,M,M,M,0.0,0.0,0.0,0.0,M,M,M,0.0
USC00121030,"BROOKVILLE","FRANKLIN",630,39.42,-85.01,0.0,0.0,M,0.0,0.0,0.0,0.0,0.0,0.0,0.0,M,M,M,0.0,0.0,0.0,0.0,M,M,M,0.0,0.0,M,0.0,0.0,0.0,0.0,0.0,0.0,0.0,0.0
US1INHS0004,"BROWNSBURG 4.6 S","HENDRICKS",850,39.77,-86.40,0.0,M,0.0,M,0.0,0.0,M,0.0,0.0,0.0,M,M,0.0,0.0,0.0,0.0,M,M,0.0,0.0,0.0,M,M,0.0,0.0,0.0,0.0,M,M,0.0,0.0
US1INCR0009,"BURLINGTON 0.1 NNE","CARROLL",759,40.48,-86.39,0.0,M,0.0,M,0.0,0.0,0.0,0.0,0.0,0.0,0.0,0.0,0.0,0.0,0.0,0.0,M,M,0.0,0.0,M,M,M,0.0,0.0,0.0,0.0,M,M,0.0,0.0
US1INWS0027,"CAMPBELLSBURG 8.4 NNE","WASHINGTON",589,38.76,-86.18,M,M,0.0,M,M,M,M,M,M,M,M,M,M,M,M,M,M,M,0.0,M,M,0.0,M,0.0,M,M,M,M,M,0.0,M
US1INPY0003,"CANNELTON 6.8 NE","PERRY",421,37.97,-86.64,0.0,M,M,0.0,0.0,M,M,M,0.0,0.0,0.0,0.0,0.0,M,0.0,0.0,0.0,M,0.0,0.0,0.0,M,M,0.0,0.0,0.0,0.0,M,M,M,M
US1INHM0034,"CARMEL 1.4 NNE","HAMILTON",840,39.99,-86.10,0.0,M,0.0,M,0.0,0.0,M,M,M,M,M,M,M,M,0.0,0.0,M,M,M,0.0,M,M,M,M,M,0.0,0.0,M,M,0.0,0.0
US1INHM0064,"CARMEL 1.5 NW","HAMILTON",820,39.98,-86.13,0.0,0.0,0.0,0.0,0.0,0.0,0.0,0.0,0.0,0.0,0.0,0.0,0.0,0.0,0.0,0.0,0.0,0.0,0.0,0.0,0.0,0.0,0.0,0.0,0.0,0.0,0.0,0.0,0.0,0.0,0.0
US1INHM0005,"CARMEL 1.5 W","HAMILTON",843,39.97,-86.14,0.0,M,0.0,M,0.0,0.0,M,0.0,0.0,0.0,M,0.0,0.0,0.0,0.0,0.0,0.0,0.0,M,0.0,0.0,M,M,0.0,0.0,0.0,0.0,M,M,0.0,0.0
USC00121303,"CARMEL 3 E","HAMILTON",752,39.96,-86.06,0.0,0.0,0.0,0.0,0.0,0.0,0.0,0.0,0.0,0.0,0.0,0.0,0.0,0.0,0.0,0.0,0.0,0.0,0.0,0.0,0.0,0.0,0.0,0.0,0.0,0.0,0.0,0.0,0.0,0.0,0.0
USC00121326,"CASTLETON 2 S","MARION",824,39.88,-86.05,0.0,0.0,0.0,0.0,0.0,0.0,0.0,0.0,0.0,0.0,0.0,0.0,0.0,0.0,0.0,0.0,0.0,0.0,0.0,0.0,0.0,0.0,0.0,0.0,0.0,0.0,0.0,0.0,0.0,0.0,0.0
USC00121417,"CHALMERS 5 W","WHITE",720,40.67,-86.96,0.0,0.0,0.0,0.0,0.0,0.0,0.0,0.0,0.0,0.0,0.0,0.0,0.0,0.0,0.0,0.0,0.0,0.0,0.0,0.0,0.0,0.0,0.0,0.0,0.0,0.0,0.0,0.0,0.0,0.0,0.0
US1INWK0014,"CHANDLER 4.4 WSW","WARRICK",377,38.03,-87.45,0.0,M,0.0,0.0,M,M,M,0.0,0.0,0.0,0.0,M,0.0,M,0.0,0.0,M,M,M,M,0.0,M,M,0.0,0.0,0.0,M,M,M,M,M
US1INCK0006,"CHARLESTOWN 2.6 N","CLARK",627,38.49,-85.67,0.0,M,M,M,0.0,M,M,0.0,0.0,0.0,0.0,M,0.0,M,M,M,0.0,M,M,M,M,0.0,M,0.0,0.0,0.0,0.0,M,M,M,0.0
US1INPT0091,"CHESTERTON 4.2 E","PORTER",684,41.59,-86.98,0.0,M,M,M,M,0.0,0.0,0.0,0.0,0.0,0.0,0.0,0.0,0.0,0.0,0.0,0.0,M,0.0,0.0,0.0,M,0.0,0.0,0.0,0.0,0.0,M,M,0.0,0.0
US1INKS0022,"CLAYPOOL 1.2 E","KOSCIUSKO",909,41.13,-85.86,M,M,M,M,M,M,M,M,M,M,M,M,M,M,M,M,M,M,M,M,M,M,M,M,M,0.0,0.0,M,M,M,M
US1INHS0033,"CLAYTON 0.4 WNW","HENDRICKS",892,39.69,-86.53,M,M,M,M,M,M,M,M,M,M,M,M,M,M,M,M,M,M,M,M,M,0.0,M,M,M,M,M,M,M,M,M
USC00121739,"COLUMBIA CITY","WHITLEY",834,41.15,-85.49,0.0,0.0,0.0,0.0,0.0,0.0,0.0,0.0,0.0,0.0,0.0,0.0,0.0,0.0,0.0,0.0,0.0,0.0,0.0,0.0,0.0,0.0,0.0,0.0,0.0,0.0,0.0,0.0,0.0,0.0,0.0
US1INWY0017,"COLUMBIA CITY 4.6 S","WHITLEY",842,41.09,-85.47,0.0,M,0.0,M,M,0.0,0.0,M,0.0,0.0,0.0,0.0,0.0,0.0,0.0,0.0,M,M,0.0,0.0,M,M,0.0,M,M,0.0,0.0,M,M,M,0.0
US1INWY0011,"COLUMBIA CITY 5.4 N","WHITLEY",932,41.24,-85.49,0.0,M,M,M,M,M,M,M,0.0,0.0,M,0.0,0.0,0.0,0.0,M,M,M,M,0.0,M,M,M,M,M,0.0,0.0,M,M,M,0.0
US1INNB0023,"COLUMBIA CITY 8.4 N","NOBLE",920,41.28,-85.47,0.0,M,0.0,M,0.0,0.0,M,0.0,0.0,0.0,M,0.0,0.0,0.0,0.0,M,M,M,M,M,M,M,M,0.0,M,0.0,0.0,M,M,M,0.0
USC00121747,"COLUMBUS","BARTHOLOMEW",609,39.17,-85.92,0.0,0.0,0.0,0.0,0.0,0.0,0.0,0.0,0.0,0.0,0.0,0.0,0.0,0.0,0.0,0.0,0.0,0.0,0.0,0.0,0.0,0.0,0.0,0.0,0.0,0.0,0.0,0.0,0.0,0.0,0.0
US1INBW0005,"COLUMBUS 0.4 WSW","BARTHOLOMEW",633,39.21,-85.92,0.0,0.0,0.0,0.0,0.0,0.0,M,M,0.0,0.0,0.0,M,0.0,0.0,0.0,0.0,0.0,M,M,0.0,0.0,0.0,M,0.0,0.0,0.0,0.0,0.0,M,M,M
US1INBW0010,"COLUMBUS 3.2 ENE","BARTHOLOMEW",650,39.22,-85.86,0.0,M,0.0,M,0.0,M,M,M,0.0,0.0,0.0,M,0.0,0.0,0.0,0.0,0.0,M,M,M,0.0,0.0,M,0.0,0.0,0.0,0.0,M,M,M,0.0
US1INHR0003,"CORYDON 0.8 ESE","HARRISON",646,38.21,-86.11,M,M,0.0,M,M,M,M,M,M,M,M,M,M,M,M,M,M,M,M,M,M,M,M,M,M,M,M,M,M,M,M
US1INFN0003,"COVINGTON 0.4 WNW","FOUNTAIN",568,40.14,-87.40,M,M,M,M,M,M,M,M,M,M,M,M,M,M,M,M,0.0,M,M,M,0.0,M,M,M,0.0,M,M,M,M,0.0,M
USC00121873,"CRAWFORDSVILLE 6 SE","MONTGOMERY",836,40.00,-86.80,0.0,0.0,0.0,0.0,0.0,0.0,0.0,0.0,0.0,0.0,0.0,0.0,0.0,0.0,0.0,0.0,0.0,0.0,0.0,0.0,0.0,0.0,0.0,0.0,0.0,0.0,0.0,0.0,0.0,0.0,0.0
US1INLK0026,"CROWN POINT 1.1 N","LAKE",712,41.44,-87.35,M,M,0.0,M,0.0,M,M,0.0,0.0,M,M,M,M,0.0,M,0.0,M,M,0.0,0.0,M,M,0.0,0.0,M,M,M,M,M,M,0.0
US1INLK0024,"CROWN POINT 2.0 WSW","LAKE",755,41.41,-87.39,0.0,0.0,0.0,M,M,0.0,0.0,0.0,0.0,0.0,0.0,0.0,0.0,0.0,0.0,0.0,0.0,M,M,M,M,M,M,0.0,0.0,0.0,0.0,M,M,0.0,0.0
US1INHN0013,"CUMBERLAND 0.7 E","HANCOCK",860,39.78,-85.94,0.0,M,M,M,0.0,0.0,M,0.0,0.0,0.0,0.0,M,0.0,0.0,0.0,0.0,0.0,M,M,0.0,0.0,M,M,0.0,0.0,0.0,0.0,M,M,0.0,0.0
USC00122041,"DANVILLE 3 SW","HENDRICKS",956,39.73,-86.54,0.0,0.0,0.0,0.0,0.0,0.0,0.0,0.0,0.0,0.0,0.0,0.0,0.0,0.0,0.0,0.0,0.0,0.0,0.0,0.0,0.0,0.0,0.0,0.0,0.0,0.0,0.0,0.0,0.0,0.0,0.0
US1INVN0016,"DARMSTADT 4.4 SSW","VANDERBURGH",463,38.03,-87.61,0.0,0.0,0.0,0.0,0.0,M,M,0.0,0.0,0.0,0.0,M,0.0,0.0,0.0,M,M,M,M,0.0,0.0,M,M,0.0,0.0,0.0,0.0,0.0,M,0.0,0.0
US1INJS0037,"DE MOTTE 0.8 NNW","JASPER",650,41.21,-87.21,0.0,M,0.0,M,0.0,0.0,0.0,0.0,0.0,0.0,M,0.0,0.0,0.0,0.0,0.0,M,M,M,0.0,M,M,M,0.0,0.0,0.0,0.0,M,M,0.0,0.0
US1INJS0045,"DE MOTTE 1.2 SSW","JASPER",666,41.18,-87.21,0.0,M,0.0,M,0.0,0.0,0.0,0.0,0.0,0.0,M,0.0,0.0,0.0,0.0,0.0,M,M,M,0.0,0.0,M,0.0,0.0,0.0,0.0,M,M,M,M,0.0
US1INJS0049,"DE MOTTE 4.1 SW","JASPER",680,41.17,-87.26,0.0,0.0,0.0,M,M,0.0,0.0,0.0,0.0,0.0,0.0,0.0,0.0,0.0,0.0,0.0,M,0.0,M,0.0,M,M,M,0.0,0.0,0.0,0.0,M,M,0.0,0.0
US1INJS0031,"DE MOTTE 5.9 S","JASPER",679,41.11,-87.20,0.0,M,0.0,M,0.0,0.0,0.0,0.0,0.0,0.0,0.0,0.0,0.0,0.0,0.0,0.0,M,M,0.0,0.0,M,M,M,0.0,0.0,0.0,M,M,M,0.0,0.0
USC00122096,"DECATUR 1 N","ADAMS",785,40.85,-84.93,0.0,0.0,0.0,0.0,0.0,0.0,0.0,0.0,0.0,0.0,0.0,0.0,0.0,0.0,0.0,0.0,0.0,0.0,0.0,0.0,0.0,0.0,0.0,0.0,0.0,0.0,0.0,0.0,0.0,0.0,0.0
US1INMM0004,"DENVER 1.3 NE","MIAMI",765,40.88,-86.06,0.0,M,0.0,M,M,0.0,M,0.0,0.0,0.0,0.0,M,0.0,0.0,0.0,0.0,M,M,0.0,0.0,M,M,M,0.0,M,0.0,0.0,M,M,0.0,0.0
US1INLK0015,"DYER 1.0 WNW","LAKE",630,41.51,-87.52,0.0,0.0,0.0,M,0.0,M,0.0,0.0,0.0,0.0,0.0,M,0.0,0.0,0.0,0.0,M,0.0,0.0,0.0,0.0,M,0.0,0.0,0.0,0.0,M,M,M,M,0.0
US1INDL0001,"EATON 4.0 SW","DELAWARE",889,40.31,-85.42,M,0.0,0.0,M,0.0,0.0,M,0.0,0.0,0.0,0.0,0.0,0.0,0.0,0.0,0.0,M,M,0.0,0.0,M,M,M,0.0,0.0,0.0,M,M,M,M,0.0
US1INHR0012,"ELIZABETH 1.4 N","HARRISON",807,38.15,-85.98,0.0,0.0,M,0.0,0.0,0.0,M,0.0,0.0,0.0,0.0,0.0,0.0,M,M,0.0,M,M,0.0,M,0.0,0.0,M,0.0,0.0,0.0,0.0,0.0,M,M,0.0
US1INEL0036,"ELKHART 4.8 SW","ELKHART",742,41.64,-86.04,0.0,M,M,M,M,M,0.0,0.0,0.0,0.0,M,0.0,0.0,0.0,0.0,0.0,M,0.0,M,0.0,0.0,M,M,0.0,0.0,0.0,M,M,M,0.0,0.0
USC00122594,"ELKHART PUBLIC WORKS & UT","ELKHART",750,41.68,-86.00,0.0,0.0,0.0,0.0,0.0,0.0,0.0,0.0,0.0,0.0,0.0,0.0,0.0,0.0,0.0,0.0,0.0,0.0,0.0,0.0,0.0,0.0,0.0,0.0,0.0,0.0,0.0,0.0,0.0,0.0,0.0
US1INMN0003,"ELLETTSVILLE 2.7 NE","MONROE",765,39.26,-86.59,0.0,M,0.0,0.0,M,M,M,0.0,0.0,0.0,0.0,M,0.0,0.0,0.0,0.0,M,M,M,M,0.0,M,M,0.0,0.0,0.0,0.0,M,M,M,M
USC00122605,"ELLISTON","GREENE",669,39.03,-86.94,0.0,0.0,0.0,0.0,0.0,0.0,0.0,0.0,0.0,0.0,0.0,0.0,0.0,0.0,0.0,0.0,0.0,0.0,0.0,0.0,0.0,0.0,0.0,0.0,0.0,0.0,0.0,0.0,0.0,0.0,0.0
USC00122620,"ELNORA","DAVIESS",480,38.87,-87.09,0.0,0.0,0.0,0.0,0.0,0.0,0.0,0.0,0.0,0.0,0.0,0.0,0.0,0.0,0.0,0.0,0.0,0.0,0.0,0.0,0.0,0.0,0.0,0.0,0.0,0.0,0.0,0.0,0.0,0.0,0.0
US1INTN0010,"ELWOOD 3.5 WSW","TIPTON",857,40.25,-85.90,0.0,0.0,0.0,M,M,M,0.0,0.0,0.0,M,0.0,0.0,0.0,0.0,0.0,0.0,M,M,0.0,0.0,0.0,M,M,0.0,0.0,0.0,0.0,M,M,M,0.0
US1INVN0002,"EVANSVILLE 1.3 SSE","VANDERBURGH",384,37.97,-87.54,M,M,0.0,M,M,M,M,0.0,0.0,0.0,M,M,0.0,0.0,M,M,M,M,M,M,M,M,M,M,M,0.0,0.0,0.0,M,0.0,0.0
US1INVN0009,"EVANSVILLE 5.9 WNW","VANDERBURGH",584,38.02,-87.64,0.0,0.0,0.0,0.0,0.0,M,M,0.0,0.0,0.0,0.0,M,0.0,M,0.0,0.0,M,0.0,M,M,0.0,M,M,0.0,0.0,0.0,0.0,0.0,0.0,0.0,0.0
USW00093817,"EVANSVILLE REGIONAL AP","VANDERBURGH",400,38.04,-87.52,0.0,0.0,0.0,0.0,0.0,0.0,0.0,0.0,0.0,0.0,0.0,0.0,0.0,0.0,0.0,0.0,0.0,0.0,0.0,0.0,0.0,0.0,0.0,0.0,0.0,0.0,0.0,0.0,0.0,0.0,0.0
US1INSH0009,"FAIRLAND 0.5 ENE","SHELBY",800,39.60,-85.85,0.0,M,M,M,M,0.0,M,M,M,M,M,M,M,M,M,M,M,M,M,M,0.0,M,M,M,M,M,M,M,M,M,0.0
USC00122814,"FARMERSBURG TV-2","SULLIVAN",548,39.24,-87.39,0.0,0.0,0.0,0.0,0.0,0.0,0.0,0.0,0.0,0.0,0.0,0.0,0.0,0.0,0.0,0.0,0.0,0.0,0.0,0.0,0.0,0.0,0.0,0.0,0.0,0.0,0.0,0.0,0.0,0.0,0.0
USC00122825,"FARMLAND 5 NNW","RANDOLPH",965,40.25,-85.15,0.0,0.0,0.0,0.0,0.0,0.0,0.0,0.0,0.0,0.0,0.0,0.0,0.0,0.0,0.0,0.0,0.0,0.0,0.0,0.0,0.0,0.0,0.0,0.0,0.0,0.0,0.0,0.0,0.0,0.0,0.0
US1INHM0048,"FISHERS 1.1 N","HAMILTON",799,39.97,-86.03,M,M,0.0,M,0.0,0.0,0.0,0.0,M,M,M,M,M,M,M,M,M,M,M,M,M,M,M,M,M,M,M,M,M,M,M
US1INHM0059,"FISHERS 2.5 NNE","HAMILTON",808,39.99,-86.01,0.0,M,0.0,M,0.0,0.0,M,0.0,0.0,M,M,0.0,0.0,0.0,0.0,0.0,0.0,M,0.0,0.0,0.0,M,M,0.0,0.0,0.0,0.0,M,M,0.0,0.0
US1INHM0052,"FISHERS 3.1 NE","HAMILTON",830,39.99,-85.99,0.0,M,0.0,M,0.0,0.0,M,0.0,0.0,0.0,M,0.0,0.0,0.0,0.0,0.0,0.0,M,0.0,0.0,0.0,M,M,0.0,0.0,0.0,0.0,M,M,0.0,M
USC00122931,"FLORA","CARROLL",685,40.55,-86.52,0.0,0.0,0.0,0.0,0.0,0.0,0.0,0.0,0.0,0.0,0.0,0.0,0.0,0.0,0.0,0.0,0.0,0.0,0.0,0.0,0.0,0.0,0.0,0.0,0.0,0.0,0.0,0.0,0.0,0.0,0.0
US1INFD0023,"FLOYDS KNOBS 1.7 NW","FLOYD",906,38.34,-85.90,0.0,M,M,M,0.0,0.0,M,M,0.0,0.0,0.0,M,0.0,M,M,0.0,M,M,M,0.0,0.0,0.0,M,0.0,0.0,0.0,0.0,0.0,M,0.0,0.0
US1INAL0051,"FORT WAYNE 2.6 NE","ALLEN",802,41.10,-85.11,0.0,0.0,0.0,M,M,0.0,0.0,0.0,0.0,0.0,M,0.0,0.0,0.0,0.0,0.0,M,M,M,0.0,0.0,M,M,0.0,M,0.0,0.0,M,M,M,M
US1INAL0001,"FORT WAYNE 4.1 NE","ALLEN",814,41.12,-85.09,0.0,0.0,0.0,M,0.0,0.0,0.0,M,0.0,0.0,0.0,0.0,0.0,0.0,0.0,M,0.0,0.0,0.0,0.0,M,M,M,0.0,0.0,0.0,0.0,0.0,0.0,0.0,0.0
US1INAL0053,"FORT WAYNE 5.5 N","ALLEN",807,41.15,-85.13,0.0,0.0,0.0,M,0.0,0.0,0.0,0.0,0.0,0.0,M,0.0,0.0,0.0,0.0,0.0,M,M,M,0.0,0.0,M,M,0.0,0.0,0.0,0.0,0.0,M,M,0.0
US1INAL0039,"FORT WAYNE 7.0 NE","ALLEN",791,41.13,-85.03,0.0,0.0,0.0,M,M,0.0,0.0,0.0,0.0,0.0,M,M,0.0,0.0,0.0,0.0,M,M,M,0.0,0.0,M,M,0.0,0.0,0.0,0.0,0.0,M,M,0.0
US1INAL0042,"FORT WAYNE 7.1 WSW","ALLEN",836,41.05,-85.27,M,0.0,0.0,M,M,0.0,0.0,0.0,0.0,0.0,0.0,0.0,0.0,0.0,0.0,M,M,M,M,0.0,M,M,M,0.0,0.0,0.0,0.0,M,M,M,M
US1INAL0060,"FORT WAYNE 8.0 NE","ALLEN",805,41.17,-85.05,0.0,0.0,0.0,M,M,M,0.0,0.0,0.0,0.0,0.0,0.0,0.0,0.0,0.0,0.0,M,M,M,0.0,0.0,M,M,0.0,0.0,0.0,0.0,M,M,M,M
US1INAL0007,"FORT WAYNE 9.1 SE","ALLEN",814,40.99,-85.00,0.0,M,0.0,M,M,0.0,M,M,0.0,M,M,M,0.0,0.0,M,0.0,M,M,M,0.0,0.0,M,M,0.0,0.0,0.0,M,M,M,M,0.0
USW00014827,"FORT WAYNE INTL AP","ALLEN",791,40.97,-85.21,0.0,0.0,0.0,0.0,0.0,0.0,0.0,0.0,0.0,0.0,0.0,0.0,0.0,0.0,0.0,0.0,0.0,0.0,0.0,0.0,0.0,0.0,0.0,0.0,0.0,0.0,0.0,0.0,0.0,0.0,0.0
USC00123078,"FRANCESVILLE","PULASKI",680,40.98,-86.89,0.0,0.0,0.0,0.0,0.0,0.0,0.0,0.0,0.0,0.0,0.0,0.0,0.0,0.0,0.0,0.0,0.0,0.0,0.0,0.0,0.0,0.0,0.0,0.0,0.0,0.0,0.0,0.0,0.0,0.0,0.0
US1INGB0009,"FRANCISCO 0.1 SE","GIBSON",457,38.33,-87.45,M,M,M,M,M,M,M,M,M,M,M,M,M,M,M,M,M,0.0,M,M,M,M,M,M,M,M,M,M,M,M,M
US1INCL0014,"FRANKFORT 4.9 NNE","CLINTON",894,40.35,-86.49,M,M,M,M,M,0.0,M,M,0.0,0.0,M,M,0.0,0.0,0.0,0.0,0.0,M,0.0,0.0,M,M,M,M,M,M,M,M,M,M,0.0
USC00123082,"FRANKFORT DISPOSAL","CLINTON",824,40.30,-86.51,0.0,0.0,0.0,0.0,0.0,0.0,0.0,0.0,0.0,0.0,0.0,0.0,0.0,0.0,0.0,0.0,0.0,0.0,0.0,0.0,0.0,0.0,0.0,0.0,0.0,0.0,0.0,0.0,0.0,0.0,0.0
USC00123093,"FRANKLIN 1 W","JOHNSON",745,39.49,-86.07,0.0,0.0,0.0,0.0,0.0,0.0,0.0,0.0,0.0,0.0,0.0,0.0,0.0,0.0,0.0,0.0,0.0,0.0,0.0,0.0,0.0,0.0,0.0,0.0,0.0,0.0,0.0,0.0,0.0,0.0,0.0
USC00123091,"FRANKLIN WWTP","JOHNSON",720,39.47,-86.04,0.0,0.0,0.0,0.0,0.0,0.0,0.0,0.0,0.0,0.0,0.0,0.0,0.0,0.0,0.0,0.0,0.0,0.0,0.0,0.0,0.0,0.0,0.0,0.0,0.0,0.0,0.0,0.0,0.0,0.0,0.0
US1INWS0008,"FREDERICKSBURG 3.6 NNE","WASHINGTON",771,38.48,-86.17,0.0,0.0,M,0.0,0.0,0.0,M,0.0,0.0,0.0,0.0,0.0,0.0,M,M,0.0,M,M,0.0,M,0.0,0.0,M,0.0,0.0,0.0,0.0,0.0,M,M,0.0
USC00123146,"FRENCH LICK 3N","ORANGE",820,38.59,-86.61,0.0,0.0,0.0,0.0,0.0,0.0,0.0,0.0,0.0,0.0,0.0,0.0,0.0,0.0,0.0,0.0,0.0,0.0,M,0.0,0.0,0.0,0.0,0.0,0.0,0.0,0.0,0.0,0.0,0.0,0.0
US1INFD0022,"GALENA 3.0 SE","FLOYD",831,38.32,-85.90,0.0,M,M,M,0.0,0.0,M,0.0,0.0,M,M,0.0,0.0,0.0,M,M,M,M,M,0.0,0.0,0.0,M,0.0,M,0.0,M,0.0,M,M,0.0
US1INFD0002,"GALENA 4.3 ENE","FLOYD",935,38.38,-85.87,0.0,M,M,M,0.0,0.0,M,M,0.0,0.0,0.0,0.0,0.0,M,M,0.0,M,M,M,0.0,0.0,0.0,M,0.0,0.0,0.0,0.0,0.0,M,M,0.0
USC00123206,"GARRETT","DEKALB",880,41.34,-85.13,0.0,0.0,0.0,0.0,0.0,0.0,0.0,0.0,0.0,0.0,0.0,0.0,0.0,0.0,0.0,0.0,0.0,0.0,0.0,0.0,0.0,0.0,0.0,0.0,0.0,0.0,0.0,0.0,0.0,0.0,0.0
USC00123207,"GARRETT 1 S","DEKALB",870,41.34,-85.12,0.0,0.0,0.0,0.0,0.0,0.0,0.0,0.0,0.0,0.0,0.0,0.0,0.0,0.0,0.0,0.0,0.0,0.0,0.0,0.0,0.0,0.0,0.0,0.0,0.0,0.0,0.0,0.0,0.0,0.0,0.0
US1INLK0040,"GARY 4.1 SSW","LAKE",629,41.54,-87.38,0.0,0.0,M,M,M,0.0,0.0,0.0,0.0,0.0,0.0,0.0,0.0,0.0,0.0,0.0,M,M,0.0,0.0,0.0,M,0.0,0.0,0.0,0.0,0.0,M,0.0,0.0,0.0
US1INLK0063,"GARY 4.8 ENE","LAKE",612,41.62,-87.25,0.0,M,0.0,M,M,0.0,0.0,0.0,0.0,0.0,0.0,0.0,0.0,0.0,0.0,0.0,M,M,0.0,0.0,M,M,0.0,0.0,0.0,0.0,M,M,M,0.0,0.0
US1INEL0059,"GOSHEN 1.2 SW","ELKHART",808,41.57,-85.85,0.0,0.0,0.0,M,M,M,M,0.0,0.0,0.0,M,0.0,0.0,0.0,0.0,0.0,M,M,M,0.0,M,M,M,0.0,0.0,0.0,0.0,M,M,0.0,0.0
US1INEL0048,"GOSHEN 1.4 SSE","ELKHART",807,41.56,-85.83,0.0,0.0,0.0,M,M,0.0,0.0,M,0.0,0.0,M,0.0,0.0,0.0,0.0,M,M,M,M,0.0,M,M,M,M,0.0,0.0,0.0,M,M,0.0,0.0
US1INEL0012,"GOSHEN 1.8 S","ELKHART",794,41.55,-85.84,M,M,M,M,M,M,0.0,0.0,0.0,M,M,M,0.0,M,M,0.0,M,M,M,M,M,M,M,M,M,M,M,0.0,M,0.0,0.0
US1INEL0039,"GOSHEN 3.0 WSW","ELKHART",886,41.56,-85.88,0.0,0.0,0.0,M,M,M,0.0,0.0,0.0,0.0,M,0.0,0.0,0.0,0.0,0.0,M,M,M,0.0,M,M,0.0,0.0,M,0.0,M,M,M,0.0,M
USC00123418,"GOSHEN 3SW","ELKHART",875,41.56,-85.88,0.0,0.0,0.0,0.0,0.0,0.0,0.0,0.0,0.0,0.0,0.0,0.0,0.0,0.0,0.0,0.0,0.0,0.0,0.0,0.0,0.0,0.0,0.0,0.0,0.0,0.0,0.0,0.0,0.0,0.0,0.0
USW00014829,"GOSHEN MUNICIPAL AP","ELKHART",830,41.53,-85.78,0.0,0.0,0.0,0.0,0.0,0.0,0.0,0.0,0.0,0.0,0.0,0.0,0.0,0.0,0.0,0.0,0.0,0.0,0.0,0.0,0.0,0.0,0.0,0.0,0.0,0.0,0.0,0.0,0.0,0.0,0.0
US1INOW0006,"GOSPORT 4.0 WSW","OWEN",581,39.32,-86.73,0.0,M,0.0,0.0,0.0,M,M,0.0,0.0,0.0,0.0,M,0.0,0.0,0.0,0.0,M,M,0.0,M,0.0,M,M,0.0,0.0,0.0,0.0,M,M,M,0.0
US1INMG0014,"GOSPORT 4.2 E","MORGAN",722,39.35,-86.59,0.0,M,M,0.0,0.0,0.0,M,0.0,0.0,0.0,0.0,M,0.0,0.0,0.0,0.0,M,0.0,M,0.0,0.0,M,M,0.0,0.0,0.0,0.0,M,M,0.0,0.0
US1INSJ0046,"GRANGER 1.8 ENE","ST. JOSEPH",800,41.75,-86.11,M,M,M,M,M,M,M,M,M,M,M,0.0,M,M,M,M,M,M,M,M,M,M,M,M,M,M,M,M,M,M,M
US1INSJ0016,"GRANGER 2.9 W","ST. JOSEPH",810,41.74,-86.19,M,M,M,M,M,M,0.0,M,M,0.0,M,M,0.0,0.0,M,0.0,M,M,M,0.0,M,M,0.0,M,M,M,M,M,M,0.0,M
USC00123501,"GRAYSVILLE 5 WNW","SULLIVAN",447,39.13,-87.64,0.0,0.0,0.0,0.0,0.0,0.0,0.0,0.0,0.0,0.0,0.0,0.0,0.0,0.0,0.0,0.0,0.0,0.0,0.0,0.0,0.0,0.0,0.0,0.0,0.0,0.0,0.0,0.0,0.0,0.0,0.0
US1INPM0016,"GREENCASTLE 1.0 NNW","PUTNAM",760,39.66,-86.85,0.0,M,M,0.0,0.0,0.0,M,M,M,M,M,M,0.0,M,M,M,M,M,M,M,M,M,M,M,M,M,M,M,M,M,M
US1INPM0013,"GREENCASTLE 1.7 NE","PUTNAM",787,39.66,-86.82,0.0,M,M,M,0.0,M,M,M,0.0,0.0,M,M,M,0.0,0.0,0.0,M,M,M,0.0,0.0,M,M,M,0.0,0.0,0.0,M,0.0,0.0,0.0
US1INPM0011,"GREENCASTLE 3.6 ESE","PUTNAM",789,39.62,-86.78,0.0,M,0.0,M,M,M,M,M,M,M,0.0,M,0.0,0.0,M,M,M,M,0.0,0.0,0.0,M,M,0.0,0.0,0.0,0.0,0.0,M,0.0,M
USC00123527,"GREENFIELD","HANCOCK",869,39.79,-85.76,0.0,0.0,0.0,0.0,0.0,0.0,0.0,0.0,0.0,0.0,0.0,0.0,0.0,0.0,0.0,0.0,0.0,0.0,0.0,0.0,0.0,0.0,0.0,0.0,0.0,0.0,0.0,0.0,0.0,0.0,0.0
US1INHN0026,"GREENFIELD 1.5 S","HANCOCK",893,39.77,-85.77,0.0,M,M,M,0.0,M,M,0.0,0.0,M,0.0,0.0,0.0,0.0,0.0,0.0,0.0,M,M,M,M,M,M,0.0,0.0,0.0,0.0,M,M,0.0,0.0
USC00123547,"GREENSBURG","DECATUR",937,39.35,-85.49,0.0,0.0,0.0,0.0,0.0,0.0,0.0,0.0,0.0,0.0,0.0,0.0,0.0,0.0,0.0,0.0,0.0,0.0,0.0,0.0,0.0,0.0,0.0,0.0,0.0,0.0,0.0,0.0,0.0,0.0,0.0
US1INJH0022,"GREENWOOD 4.6 SW","JOHNSON",774,39.57,-86.17,0.0,M,0.0,0.0,0.0,0.0,M,0.0,0.0,M,0.0,M,0.0,0.0,0.0,0.0,0.0,0.0,0.0,0.0,0.0,M,M,0.0,0.0,0.0,0.0,M,M,M,0.0
US1INSN0005,"HAMILTON 1.7 E","STEUBEN",909,41.53,-84.89,0.0,0.0,0.0,M,M,0.0,M,0.0,M,0.0,M,M,M,M,0.0,0.0,M,M,M,M,0.0,M,M,M,0.0,0.0,0.0,M,M,M,0.0
US1INLK0089,"HAMMOND 0.6 SSW","LAKE",591,41.61,-87.49,M,M,0.0,M,M,M,M,M,M,M,M,M,M,M,M,M,M,M,M,M,M,M,M,M,M,M,M,M,M,M,M
US1INLP0053,"HANNA 1.1 E","LAPORTE",687,41.41,-86.76,0.0,M,M,M,M,0.0,M,0.0,0.0,0.0,0.0,0.0,0.0,0.0,0.0,M,M,M,M,0.0,M,M,0.0,0.0,0.0,0.0,0.0,M,0.0,0.0,0.0
US1INJF0001,"HANOVER 1.4 S","JEFFERSON",761,38.70,-85.47,0.0,M,M,M,0.0,0.0,M,M,0.0,0.0,0.0,M,0.0,M,M,0.0,0.0,M,0.0,0.0,0.0,0.0,M,0.0,0.0,0.0,0.0,0.0,M,M,0.0
US1INBL0009,"HARTFORD CITY 0.2 NNW (WB9HLA)","BLACKFORD",921,40.46,-85.37,0.0,0.0,0.0,M,0.0,0.0,0.0,0.0,0.0,0.0,0.0,M,0.0,0.0,0.0,0.0,M,M,0.0,0.0,M,M,M,0.0,0.0,0.0,0.0,0.0,M,0.0,0.0
USC00123777,"HARTFORD CITY 4 ESE","BLACKFORD",924,40.44,-85.29,0.0,0.0,0.0,0.0,0.0,0.0,0.0,0.0,0.0,0.0,0.0,0.0,0.0,0.0,0.0,0.0,0.0,0.0,0.0,0.0,0.0,0.0,0.0,0.0,0.0,0.0,0.0,0.0,0.0,0.0,0.0
US1INBL0007,"HARTFORD CITY 4.8 NW","BLACKFORD",886,40.51,-85.43,0.0,M,0.0,M,M,0.0,M,0.0,0.0,0.0,M,M,0.0,0.0,0.0,0.0,M,M,M,0.0,M,M,M,0.0,0.0,0.0,0.0,M,M,M,M
US1INPT0126,"HEBRON 0.6 NE","PORTER",699,41.33,-87.19,M,M,M,M,M,M,M,M,M,0.0,0.0,0.0,0.0,0.0,0.0,0.0,0.0,0.0,M,M,0.0,0.0,0.0,0.0,0.0,0.0,0.0,0.0,0.0,0.0,0.0
US1INPT0092,"HEBRON 1.2 NW","PORTER",699,41.33,-87.22,0.0,0.0,0.0,M,M,0.0,0.0,0.0,0.0,0.0,0.0,0.0,0.0,0.0,0.0,0.0,M,0.0,M,0.0,M,M,M,0.0,0.0,0.0,0.0,M,M,M,0.0
US1INPT0018,"HEBRON 3.7 NE","PORTER",732,41.37,-87.16,0.0,M,M,M,M,M,M,0.0,0.0,M,M,M,M,M,0.0,0.0,0.0,M,M,0.0,M,M,M,M,M,M,M,M,M,M,0.0
US1INLK0068,"HOBART 0.7 NNW","LAKE",642,41.54,-87.27,M,M,M,M,M,M,M,0.0,0.0,0.0,M,M,M,0.0,0.0,0.0,0.0,0.0,M,M,M,M,M,0.0,0.0,0.0,0.0,M,M,0.0,0.0
US1INPK0004,"HOLLAND 6.3 NW","PIKE",459,38.31,-87.13,0.0,0.0,0.0,0.0,0.0,0.0,M,0.0,0.0,0.0,0.0,M,M,M,0.0,0.0,M,M,M,M,0.0,M,M,M,0.0,0.0,0.0,M,M,M,0.0
US1INSN0012,"HUDSON 0.3 SE","STEUBEN",988,41.53,-85.08,M,M,M,M,M,M,0.0,M,M,M,M,0.0,M,M,M,0.0,M,M,M,M,M,M,M,M,M,M,M,M,M,M,M
US1INSN0002,"HUDSON 4.1 NNW","STEUBEN",1056,41.59,-85.10,0.0,0.0,0.0,M,M,M,0.0,0.0,0.0,0.0,M,M,0.0,0.0,0.0,0.0,M,M,M,M,M,M,M,0.0,M,M,M,M,M,M,M
US1INSN0003,"HUDSON 4.6 N","STEUBEN",988,41.60,-85.09,0.0,0.0,M,M,0.0,0.0,0.0,0.0,0.0,0.0,M,0.0,0.0,0.0,0.0,M,M,0.0,M,0.0,0.0,M,M,0.0,M,0.0,0.0,M,M,M,0.0
US1INAL0005,"HUNTERTOWN 2.6 ESE","ALLEN",846,41.21,-85.12,0.0,0.0,0.0,0.0,0.0,0.0,0.0,0.0,0.0,0.0,0.0,0.0,0.0,0.0,0.0,0.0,0.0,0.0,0.0,0.0,0.0,0.0,0.0,0.0,0.0,0.0,0.0,0.0,0.0,0.0,0.0
US1INDB0001,"HUNTINGBURG 0.4 SSW","DUBOIS",503,38.29,-86.96,0.0,M,M,0.0,0.0,0.0,M,M,0.0,0.0,0.0,M,0.0,M,M,0.0,0.0,0.0,0.0,M,0.0,M,M,0.0,0.0,0.0,0.0,M,M,0.0,0.0
USC00124181,"HUNTINGTON","HUNTINGTON",725,40.86,-85.50,0.0,0.0,0.0,0.0,0.0,0.0,0.0,0.0,0.0,0.0,0.0,0.0,0.0,0.0,0.0,0.0,0.0,0.0,0.0,0.0,0.0,0.0,0.0,0.0,0.0,0.0,0.0,0.0,0.0,0.0,0.0
US1INHT0001,"HUNTINGTON 0.3 W","HUNTINGTON",791,40.88,-85.51,0.0,M,0.0,M,0.0,0.0,M,0.0,0.0,0.0,0.0,0.0,0.0,0.0,0.0,M,M,M,M,0.0,M,M,M,0.0,0.0,0.0,0.0,M,M,M,0.0
USC00124244,"INDIANA DUNES NATIONAL  LAKESHORE","PORTER",680,41.63,-87.09,0.0,0.0,0.0,0.0,0.0,0.0,0.0,0.0,0.0,0.0,0.0,0.0,0.0,0.0,0.0,0.0,0.0,0.0,0.0,0.0,0.0,0.0,0.0,0.0,0.0,0.0,0.0,0.0,0.0,0.0,0.0
US1INMR0083,"INDIANAPOLIS 10.9 NW","MARION",866,39.89,-86.28,0.0,M,0.0,M,0.0,0.0,M,0.0,0.0,0.0,M,0.0,0.0,0.0,0.0,0.0,0.0,M,0.0,0.0,0.0,M,0.0,0.0,0.0,0.0,M,M,M,0.0,0.0
US1INMR0080,"INDIANAPOLIS 12.6 NW","MARION",892,39.91,-86.31,0.0,M,0.0,M,0.0,0.0,0.0,0.0,0.0,0.0,M,0.0,0.0,0.0,0.0,0.0,M,M,M,M,M,M,M,M,M,0.0,0.0,M,M,M,0.0
US1INMR0122,"INDIANAPOLIS 3.4 WSW","MARION",701,39.76,-86.20,0.0,M,M,M,0.0,0.0,M,0.0,0.0,0.0,M,0.0,0.0,0.0,0.0,0.0,0.0,M,M,0.0,0.0,M,M,0.0,0.0,M,M,M,M,M,0.0
US1INMR0064,"INDIANAPOLIS 5.9 S","MARION",766,39.69,-86.13,M,M,M,M,M,0.0,M,0.0,M,0.0,M,M,0.0,0.0,M,M,M,M,M,M,M,M,M,0.0,M,0.0,0.0,M,M,M,0.0
US1INMR0063,"INDIANAPOLIS 6.5 SW","MARION",709,39.72,-86.24,M,M,M,0.0,0.0,0.0,M,0.0,0.0,0.0,0.0,M,0.0,0.0,0.0,0.0,0.0,M,M,0.0,0.0,M,M,0.0,0.0,0.0,0.0,M,M,M,0.0
US1INMR0072,"INDIANAPOLIS 6.5 W","MARION",789,39.77,-86.28,0.0,M,M,M,0.0,0.0,M,0.0,0.0,0.0,M,M,0.0,0.0,0.0,0.0,0.0,M,0.0,0.0,0.0,M,M,0.0,0.0,0.0,0.0,M,M,0.0,0.0
US1INMR0048,"INDIANAPOLIS 6.7 N","MARION",713,39.87,-86.14,M,M,0.0,M,0.0,0.0,M,0.0,0.0,0.0,M,0.0,0.0,0.0,0.0,0.0,0.0,0.0,0.0,0.0,0.0,M,M,0.0,0.0,0.0,M,M,M,0.0,0.0
US1INMR0139,"INDIANAPOLIS 7.8 N","MARION",797,39.89,-86.17,0.0,M,0.0,M,0.0,0.0,M,0.0,0.0,0.0,M,0.0,0.0,0.0,0.0,0.0,0.0,M,0.0,0.0,M,M,M,M,0.0,M,M,M,M,0.0,0.0
US1INMR0132,"INDIANAPOLIS 8.0 N","MARION",732,39.89,-86.12,0.0,M,M,M,0.0,0.0,0.0,0.0,0.0,0.0,M,0.0,0.0,0.0,0.0,0.0,0.0,M,M,M,M,M,M,0.0,0.0,0.0,0.0,M,M,M,0.0
US1INMR0088,"INDIANAPOLIS 8.7 S","MARION",697,39.64,-86.19,0.0,M,M,0.0,0.0,0.0,M,0.0,0.0,0.0,0.0,M,0.0,0.0,0.0,0.0,0.0,M,M,0.0,0.0,M,M,0.0,0.0,0.0,0.0,M,M,0.0,0.0
US1INMR0052,"INDIANAPOLIS 9.2 NNE","MARION",750,39.90,-86.13,0.0,M,M,M,M,M,M,M,M,M,M,0.0,0.0,0.0,0.0,0.0,0.0,M,0.0,0.0,0.0,M,M,0.0,0.0,0.0,0.0,M,M,0.0,0.0
US1INMR0055,"INDIANAPOLIS 9.5 NE","MARION",772,39.89,-86.08,M,0.0,M,M,0.0,M,M,0.0,0.0,M,M,0.0,0.0,M,M,M,M,M,M,M,0.0,M,M,M,M,M,0.0,M,M,0.0,0.0
USC00124249,"INDIANAPOLIS EAGLE CREEK 4 NNE","MARION",818,39.91,-86.29,M,M,M,0.0,0.0,0.0,0.0,0.0,0.0,0.0,0.0,0.0,0.0,0.0,0.0,0.0,0.0,0.0,0.0,0.0,0.0,M,M,0.0,0.0,0.0,0.0,0.0,0.0,0.0,0.0
USW00093819,"INDIANAPOLIS INTL AP","MARION",791,39.73,-86.28,0.0,0.0,0.0,0.0,0.0,0.0,0.0,0.0,0.0,0.0,0.0,0.0,0.0,0.0,0.0,0.0,0.0,0.0,0.0,0.0,0.0,0.0,0.0,0.0,0.0,0.0,0.0,0.0,0.0,0.0,0.0
USC00124260,"INDIANAPOLIS NWFO","MARION",790,39.71,-86.28,0.0,0.0,0.0,0.0,0.0,0.0,0.0,0.0,0.0,0.0,0.0,0.0,0.0,0.0,0.0,0.0,0.0,0.0,0.0,0.0,0.0,0.0,0.0,0.0,0.0,0.0,0.0,0.0,0.0,0.0,0.0
USC00124356,"JAMESTOWN 2 E","BOONE",962,39.92,-86.60,0.0,0.0,0.0,0.0,0.0,0.0,0.0,0.0,0.0,0.0,0.0,0.0,0.0,0.0,0.0,0.0,0.0,0.0,0.0,0.0,0.0,0.0,0.0,0.0,0.0,0.0,0.0,0.0,0.0,0.0,0.0
US1INCY0004,"JASONVILLE 4.0 ENE","CLAY",550,39.18,-87.14,0.0,M,0.0,0.0,0.0,0.0,M,0.0,0.0,0.0,0.0,M,0.0,0.0,0.0,0.0,M,M,0.0,0.0,0.0,M,M,0.0,0.0,0.0,0.0,M,M,M,0.0
US1INCK0023,"JEFFERSONVILLE 0.4 SE","CLARK",466,38.30,-85.72,0.0,M,M,M,0.0,0.0,M,0.0,0.0,0.0,0.0,0.0,0.0,M,M,0.0,0.0,M,0.0,0.0,0.0,0.0,M,0.0,0.0,0.0,0.0,M,M,M,0.0
US1INCK0018,"JEFFERSONVILLE 0.8 NW","CLARK",485,38.31,-85.74,0.0,M,M,M,M,0.0,M,M,0.0,0.0,0.0,M,0.0,0.0,M,0.0,0.0,M,0.0,M,0.0,0.0,M,0.0,0.0,0.0,0.0,0.0,M,M,0.0
USC00124497,"KENDALLVILLE","NOBLE",990,41.45,-85.23,0.0,0.0,0.0,0.0,0.0,0.0,0.0,0.0,0.0,0.0,0.0,0.0,0.0,0.0,0.0,0.0,0.0,0.0,0.0,0.0,0.0,0.0,M,0.0,0.0,0.0,0.0,0.0,0.0,0.0,0.0
US1INNB0024,"KENDALLVILLE 4.5 NW","NOBLE",973,41.50,-85.31,0.0,0.0,0.0,M,M,M,0.0,0.0,0.0,0.0,M,0.0,0.0,0.0,0.0,0.0,M,0.0,M,0.0,0.0,M,M,0.0,0.0,0.0,0.0,M,M,M,0.0
US1INNW0003,"KENTLAND 0.3 ENE","NEWTON",689,40.77,-87.44,0.0,0.0,0.0,M,0.0,M,M,0.0,0.0,0.0,M,0.0,0.0,0.0,0.0,0.0,M,0.0,0.0,0.0,M,M,M,0.0,0.0,0.0,0.0,0.0,0.0,M,0.0
US1INNW0006,"KENTLAND 1.7 SSE","NEWTON",709,40.75,-87.43,M,M,M,M,M,M,M,M,M,0.0,M,0.0,0.0,0.0,0.0,0.0,0.0,0.0,0.0,0.0,M,M,M,0.0,0.0,0.0,0.0,0.0,M,M,M
USC00124613,"KINGSBURY 1N","LAPORTE",755,41.54,-86.70,0.0,0.0,0.0,0.0,M,M,M,M,M,M,M,M,M,M,M,M,M,M,0.0,0.0,0.0,0.0,0.0,0.0,0.0,0.0,0.0,0.0,0.0,0.0,0.0
USC00124657,"KNOX WWTP","STARKE",690,41.31,-86.63,0.0,0.0,0.0,0.0,0.0,0.0,0.0,0.0,0.0,0.0,0.0,0.0,0.0,0.0,0.0,0.0,0.0,0.0,0.0,0.0,0.0,0.0,0.0,0.0,0.0,0.0,0.0,0.0,0.0,0.0,0.0
USC00124662,"KOKOMO 3 WSW","HOWARD",822,40.46,-86.18,0.0,0.0,0.0,0.0,0.0,0.0,0.0,0.0,0.0,0.0,0.0,0.0,0.0,0.0,0.0,0.0,0.0,0.0,0.0,0.0,0.0,0.0,0.0,0.0,0.0,0.0,0.0,0.0,0.0,0.0,0.0
US1INHW0003,"KOKOMO 4.6 ESE","HOWARD",846,40.45,-86.05,0.0,M,0.0,M,M,0.0,0.0,0.0,0.0,0.0,0.0,0.0,0.0,0.0,0.0,0.0,M,M,0.0,0.0,M,M,M,0.0,0.0,0.0,0.0,M,M,0.0,0.0
USC00124667,"KOKOMO 5 WSW","HOWARD",814,40.46,-86.21,0.0,0.0,0.0,0.0,0.0,0.0,0.0,0.0,0.0,0.0,0.0,0.0,0.0,0.0,0.0,0.0,0.0,0.0,0.0,0.0,0.0,0.0,0.0,0.0,0.0,0.0,0.0,0.0,0.0,0.0,0.0
US1INWB0010,"LA FONTAINE 1.1 NW","WABASH",808,40.68,-85.74,0.0,M,0.0,M,0.0,0.0,M,M,0.0,M,0.0,M,M,0.0,0.0,0.0,M,M,M,0.0,M,M,0.0,0.0,0.0,M,0.0,M,M,0.0,0.0
US1INLP0028,"LA PORTE 1.3 ENE","LAPORTE",792,41.61,-86.69,0.0,M,0.0,M,M,0.0,0.0,0.0,0.0,0.0,0.0,0.0,0.0,0.0,0.0,0.0,0.0,M,0.0,0.0,0.0,M,0.0,0.0,0.0,0.0,0.0,M,M,0.0,0.0
US1INTP0028,"LAFAYETTE 2.2 NE","TIPPECANOE",671,40.44,-86.84,0.0,M,0.0,M,0.0,0.0,M,0.0,0.0,0.0,0.0,0.0,0.0,0.0,0.0,0.0,0.0,M,0.0,M,M,M,M,0.0,M,0.0,0.0,M,M,0.0,0.0
US1INTP0022,"LAFAYETTE 2.2 S","TIPPECANOE",646,40.38,-86.87,0.0,0.0,0.0,M,0.0,0.0,M,0.0,0.0,0.0,0.0,0.0,0.0,0.0,0.0,0.0,0.0,M,0.0,0.0,M,M,M,0.0,0.0,0.0,0.0,M,M,0.0,0.0
USC00124715,"LAFAYETTE 8 S","TIPPECANOE",732,40.30,-86.90,0.0,0.0,0.0,0.0,0.0,0.0,0.0,0.0,0.0,0.0,0.0,0.0,0.0,0.0,0.0,0.0,0.0,0.0,0.0,0.0,0.0,0.0,0.0,0.0,0.0,0.0,0.0,0.0,0.0,0.0,0.0
US1INLG0005,"LAGRANGE 1.3 ENE","LAGRANGE",945,41.65,-85.40,0.0,0.0,0.0,M,0.0,M,0.0,0.0,0.0,0.0,M,0.0,0.0,0.0,0.0,0.0,M,0.0,M,0.0,0.0,M,M,0.0,M,0.0,0.0,0.0,M,0.0,0.0
US1INLG0006,"LAGRANGE 9.4 ESE","LAGRANGE",964,41.60,-85.24,0.0,0.0,0.0,M,M,M,0.0,0.0,0.0,0.0,M,0.0,0.0,0.0,0.0,0.0,M,M,M,0.0,0.0,M,M,0.0,0.0,0.0,0.0,M,M,0.0,0.0
US1INLG0011,"LAGRANGE 9.9 E","LAGRANGE",949,41.65,-85.23,M,M,M,M,M,M,0.0,0.0,0.0,0.0,M,M,0.0,0.0,0.0,0.0,M,M,M,0.0,0.0,M,M,0.0,M,0.0,0.0,M,M,M,0.0
US1INWB0014,"LAGRO 1.2 SSW","WABASH",716,40.82,-85.73,0.0,M,0.0,M,M,0.0,M,0.0,0.0,0.0,0.0,0.0,0.0,0.0,0.0,0.0,M,M,M,0.0,M,M,M,M,0.0,0.0,0.0,M,M,M,0.0
US1INPT0060,"LAKES OF THE FOUR SEASONS 1.5","PORTER",767,41.43,-87.21,0.0,0.0,M,M,M,0.0,0.0,0.0,0.0,0.0,0.0,0.0,0.0,0.0,M,0.0,0.0,M,M,0.0,0.0,M,0.0,0.0,0.0,0.0,0.0,M,M,M,M
USC00124832,"LAPEL 4 S","MADISON",860,40.01,-85.84,0.0,0.0,0.0,0.0,0.0,0.0,0.0,0.0,0.0,0.0,0.0,0.0,0.0,0.0,0.0,0.0,0.0,0.0,0.0,0.0,0.0,0.0,0.0,0.0,0.0,0.0,0.0,0.0,0.0,0.0,0.0
US1INHM0019,"LAPEL 4.7 NW","HAMILTON",807,40.12,-85.90,0.0,M,0.0,M,0.0,0.0,0.0,0.0,0.0,0.0,M,0.0,0.0,0.0,0.0,0.0,M,0.0,0.0,0.0,0.0,M,M,0.0,0.0,0.0,0.0,M,M,0.0,0.0
USC00124837,"LAPORTE","LAPORTE",809,41.61,-86.73,0.0,0.0,0.0,0.0,0.0,0.0,0.0,0.0,0.0,0.0,0.0,0.0,0.0,0.0,0.0,0.0,0.0,0.0,0.0,0.0,0.0,0.0,0.0,0.0,0.0,0.0,0.0,0.0,0.0,0.0,0.0
US1INMR0002,"LAWRENCE 2.0 ENE","MARION",850,39.88,-85.95,0.0,M,M,M,0.0,0.0,M,0.0,0.0,0.0,M,0.0,0.0,0.0,0.0,0.0,0.0,M,M,0.0,0.0,M,M,0.0,0.0,M,M,0.0,M,M,0.0
USC00124902,"LEAVENWORTH 2NW","CRAWFORD",708,38.22,-86.37,0.0,0.0,0.0,0.0,0.0,0.0,0.0,0.0,0.0,0.0,0.0,0.0,0.0,0.0,0.0,0.0,0.0,0.0,0.0,0.0,0.0,0.0,0.0,0.0,0.0,0.0,0.0,0.0,0.0,0.0,0.0
US1INBN0056,"LEBANON 1.9 NNW","BOONE",938,40.08,-86.48,M,M,0.0,M,M,M,0.0,0.0,0.0,0.0,M,M,M,M,0.0,0.0,0.0,M,M,M,M,M,M,M,M,M,M,M,M,M,M
US1INBN0033,"LEBANON 3.7 N","BOONE",932,40.10,-86.47,0.0,0.0,0.0,M,0.0,M,M,M,M,M,M,M,M,0.0,0.0,0.0,0.0,M,0.0,0.0,0.0,M,M,0.0,0.0,0.0,0.0,M,M,0.0,0.0
US1INBN0010,"LEBANON 4.5 NNE","BOONE",932,40.12,-86.46,0.0,M,M,M,0.0,0.0,M,0.0,0.0,0.0,M,0.0,0.0,0.0,0.0,0.0,0.0,M,M,M,0.0,M,M,0.0,0.0,0.0,0.0,M,M,M,0.0
US1INBN0011,"LEBANON 6.2 ESE","BOONE",958,40.03,-86.36,0.0,M,M,M,0.0,0.0,M,0.0,0.0,0.0,M,0.0,0.0,0.0,0.0,0.0,M,M,0.0,0.0,0.0,M,0.0,0.0,0.0,0.0,0.0,M,M,0.0,0.0
USC00124910,"LEBANON 6W","BOONE",925,40.05,-86.57,0.0,0.0,0.0,0.0,0.0,0.0,0.0,0.0,0.0,0.0,0.0,0.0,0.0,0.0,0.0,0.0,0.0,0.0,0.0,0.0,0.0,0.0,0.0,0.0,0.0,0.0,0.0,0.0,0.0,0.0,0.0
US1INKS0011,"LEESBURG 0.1 WNW","KOSCIUSKO",853,41.33,-85.85,M,M,0.0,M,M,M,M,M,M,M,M,M,M,M,M,M,M,M,M,M,M,M,M,M,M,M,M,M,M,M,M
US1INKS0032,"LEESBURG 6.7 ESE","KOSCIUSKO",862,41.31,-85.72,0.0,M,0.0,M,M,0.0,0.0,0.0,0.0,0.0,M,0.0,0.0,0.0,0.0,M,M,M,M,0.0,M,M,M,0.0,0.0,0.0,0.0,M,M,0.0,0.0
US1INAL0036,"LEO 2.2 NW","ALLEN",792,41.22,-85.06,0.0,M,0.0,M,0.0,0.0,0.0,0.0,0.0,0.0,M,0.0,0.0,0.0,0.0,0.0,M,M,M,0.0,M,M,M,0.0,0.0,0.0,0.0,M,M,M,0.0
US1INPY0006,"LEOPOLD 1.7 ESE","PERRY",759,38.09,-86.56,0.0,M,M,0.0,0.0,0.0,M,0.0,0.0,0.0,0.0,M,0.0,M,0.0,0.0,0.0,M,M,M,M,M,M,0.0,0.0,0.0,0.0,M,M,M,0.0
US1INHY0001,"LEWISVILLE 1.8 ENE","HENRY",1099,39.82,-85.32,0.0,M,0.0,M,0.0,0.0,M,0.0,0.0,0.0,0.0,0.0,0.0,0.0,0.0,0.0,0.0,M,0.0,0.0,0.0,M,M,0.0,0.0,0.0,0.0,0.0,M,M,0.0
US1INCS0007,"LOGANSPORT 2.2 NNW","CASS",727,40.78,-86.37,0.0,0.0,0.0,M,M,0.0,0.0,0.0,0.0,M,M,0.0,0.0,0.0,M,0.0,M,M,M,M,M,M,0.0,M,M,M,M,M,M,0.0,0.0
USC00125117,"LOGANSPORT CICOTT ST.","CASS",600,40.75,-86.39,0.0,0.0,0.0,0.0,0.0,0.0,0.0,0.0,0.0,0.0,0.0,0.0,0.0,0.0,0.0,0.0,0.0,0.0,0.0,0.0,0.0,0.0,0.0,0.0,0.0,0.0,0.0,0.0,0.0,0.0,0.0
US1INMT0001,"LOOGOOTEE 0.3 ESE","MARTIN",591,38.67,-86.91,0.0,0.0,0.0,0.0,0.0,M,M,M,0.0,0.0,0.0,M,0.0,M,0.0,0.0,0.0,0.0,0.0,0.0,0.0,M,M,0.0,0.0,0.0,0.0,M,0.0,0.0,0.0
US1INRN0009,"LYNN 0.3 WNW","RANDOLPH",1169,40.05,-84.95,0.0,0.0,0.0,M,0.0,0.0,0.0,0.0,0.0,0.0,0.0,M,0.0,0.0,0.0,0.0,M,M,0.0,0.0,0.0,M,M,0.0,0.0,0.0,0.0,M,M,M,0.0
US1INGR0002,"MARION 1.8 NW","GRANT",856,40.57,-85.69,M,M,0.0,M,M,0.0,M,M,M,M,0.0,M,M,M,M,0.0,M,M,M,M,M,M,M,0.0,M,M,M,M,M,M,0.0
USC00125337,"MARION 2 N","GRANT",790,40.58,-85.66,0.0,0.0,0.0,0.0,0.0,0.0,0.0,0.0,0.0,0.0,0.0,0.0,0.0,0.0,0.0,0.0,0.0,0.0,0.0,0.0,0.0,0.0,0.0,0.0,0.0,0.0,0.0,0.0,0.0,0.0,0.0
US1INGR0012,"MARION 5.6 NE","GRANT",876,40.60,-85.59,0.0,M,0.0,M,0.0,0.0,M,0.0,M,0.0,0.0,0.0,0.0,0.0,0.0,0.0,M,M,0.0,0.0,M,M,M,0.0,0.0,0.0,0.0,M,M,0.0,0.0
USC00125394,"MARSHALL","PARKE",708,39.84,-87.19,0.0,0.0,0.0,0.0,0.0,0.0,0.0,0.0,0.0,0.0,0.0,0.0,0.0,0.0,0.0,0.0,0.0,0.0,0.0,0.0,0.0,0.0,0.0,0.0,0.0,0.0,0.0,0.0,0.0,0.0,0.0
USC00125407,"MARTINSVILLE 2 SW","MORGAN",592,39.40,-86.45,0.0,0.0,0.0,0.0,0.0,0.0,0.0,0.0,0.0,0.0,0.0,0.0,0.0,0.0,0.0,0.0,0.0,0.0,0.0,0.0,0.0,0.0,0.0,0.0,0.0,0.0,0.0,0.0,0.0,0.0,0.0
US1INMG0020,"MARTINSVILLE 2.0 ENE","MORGAN",755,39.43,-86.39,0.0,M,0.0,0.0,0.0,0.0,M,0.0,0.0,0.0,0.0,M,0.0,0.0,0.0,0.0,M,M,0.0,0.0,0.0,M,M,0.0,0.0,0.0,0.0,M,M,M,0.0
US1INMG0021,"MARTINSVILLE 2.3 SE","MORGAN",639,39.40,-86.40,0.0,M,0.0,0.0,0.0,0.0,M,0.0,0.0,0.0,0.0,M,0.0,0.0,0.0,0.0,M,M,M,M,0.0,M,M,0.0,0.0,0.0,0.0,M,M,0.0,0.0
US1INHN0011,"MCCORDSVILLE 2.6 NE","HANCOCK",850,39.94,-85.90,0.0,M,0.0,M,0.0,0.0,M,0.0,0.0,0.0,M,0.0,0.0,0.0,0.0,0.0,0.0,M,0.0,0.0,0.0,M,M,0.0,0.0,0.0,0.0,M,M,M,0.0
USC00125535,"MEDARYVILLE 5 N","PULASKI",695,41.16,-86.90,0.0,0.0,0.0,0.0,0.0,0.0,0.0,0.0,0.0,0.0,0.0,0.0,M,M,M,M,M,M,M,M,M,M,M,M,M,0.0,0.0,0.0,0.0,0.0,0.0
US1INVN0011,"MELODY HILL 2.9 WNW","VANDERBURGH",407,38.05,-87.56,0.0,0.0,0.0,0.0,0.0,M,M,0.0,M,0.0,0.0,M,M,M,0.0,0.0,M,0.0,M,0.0,M,M,M,0.0,0.0,0.0,0.0,M,0.0,0.0,0.0
US1INEL0003,"MIDDLEBURY 2.6 WSW","ELKHART",912,41.66,-85.76,0.0,0.0,0.0,M,M,M,M,M,0.0,0.0,M,0.0,M,0.0,0.0,0.0,M,M,M,0.0,0.0,M,M,0.0,M,0.0,0.0,M,M,M,M
US1INKS0042,"MILFORD 0.9 N","KOSCIUSKO",837,41.42,-85.85,0.0,M,0.0,M,M,0.0,0.0,0.0,0.0,0.0,M,0.0,0.0,0.0,0.0,0.0,M,M,M,0.0,M,M,M,0.0,0.0,0.0,0.0,M,M,0.0,0.0
US1INCW0003,"MILLTOWN 3.7 WSW","CRAWFORD",675,38.32,-86.34,0.0,M,M,0.0,0.0,0.0,M,M,0.0,0.0,0.0,M,0.0,M,M,0.0,0.0,M,M,M,0.0,0.0,M,0.0,0.0,0.0,0.0,0.0,M,M,M
US1INHR0005,"MILLTOWN 5.7 SSE","HARRISON",636,38.26,-86.25,0.0,0.0,M,0.0,0.0,0.0,M,0.0,0.0,0.0,0.0,M,0.0,M,M,0.0,0.0,M,0.0,M,0.0,0.0,M,0.0,0.0,0.0,0.0,0.0,M,M,M
US1INCW0008,"MILLTOWN 6.1 SW","CRAWFORD",823,38.28,-86.35,M,M,M,M,M,M,M,0.0,0.0,0.0,0.0,M,M,0.0,M,M,M,M,M,M,0.0,0.0,M,M,M,0.0,0.0,M,M,M,M
US1INSJ0026,"MISHAWAKA 3.9 ENE","ST. JOSEPH",755,41.68,-86.10,0.0,0.0,0.0,M,M,M,0.0,0.0,0.0,0.0,M,0.0,0.0,0.0,0.0,0.0,M,0.0,0.0,0.0,0.0,M,M,0.0,M,0.0,0.0,M,0.0,0.0,0.0
US1INLW0004,"MITCHELL 4.8 ENE","LAWRENCE",617,38.75,-86.39,M,M,0.0,0.0,M,M,M,M,M,M,M,M,M,M,M,M,M,M,M,M,M,M,M,0.0,0.0,0.0,0.0,M,M,M,0.0
US1INWH0019,"MONTICELLO 5.5 NNW","WHITE",658,40.82,-86.79,0.0,M,0.0,M,M,M,M,0.0,M,M,M,M,0.0,M,0.0,0.0,M,M,M,M,M,M,M,M,M,M,0.0,M,M,M,0.0
US1INDR0017,"MOORES HILL 5.1 E","DEARBORN",821,39.10,-85.00,0.0,0.0,M,0.0,M,0.0,M,M,0.0,0.0,0.0,M,0.0,0.0,0.0,0.0,0.0,M,0.0,0.0,0.0,0.0,M,0.0,0.0,0.0,0.0,0.0,M,M,0.0
US1INDR0007,"MOORES HILL 5.7 SSE","DEARBORN",704,39.04,-85.04,0.0,0.0,M,0.0,M,0.0,M,M,0.0,0.0,0.0,0.0,0.0,0.0,M,0.0,0.0,M,M,M,0.0,0.0,M,0.0,0.0,M,M,0.0,M,M,M
US1INMG0018,"MOORESVILLE 3.8 NE","MORGAN",748,39.62,-86.35,0.0,M,0.0,0.0,0.0,0.0,M,M,0.0,0.0,0.0,M,0.0,0.0,0.0,0.0,M,M,0.0,0.0,0.0,M,M,0.0,0.0,0.0,0.0,M,M,0.0,0.0
USC00125888,"MOROCCO 1 NW","NEWTON",672,40.96,-87.48,M,M,M,0.0,M,M,M,M,M,M,0.0,M,M,M,M,M,M,0.0,M,M,0.0,0.0,0.0,M,M,M,M,M,0.0,0.0,M
USC00125923,"MORRISTOWN 2 SE","SHELBY",885,39.65,-85.68,0.0,0.0,0.0,0.0,0.0,0.0,0.0,0.0,0.0,0.0,0.0,0.0,0.0,0.0,0.0,0.0,0.0,0.0,0.0,0.0,0.0,0.0,0.0,0.0,0.0,0.0,0.0,0.0,0.0,0.0,0.0
US1INRS0004,"MORRISTOWN 3.8 ENE","RUSH",922,39.69,-85.63,0.0,0.0,M,M,M,0.0,M,0.0,M,0.0,0.0,0.0,0.0,0.0,M,0.0,0.0,0.0,0.0,0.0,0.0,0.0,M,0.0,0.0,0.0,0.0,M,M,M,0.0
US1INNW0001,"MOUNT AYR 1.6 NNE","NEWTON",676,40.97,-87.29,M,M,M,M,M,0.0,M,0.0,M,0.0,M,0.0,0.0,0.0,M,0.0,M,M,M,M,M,M,0.0,0.0,0.0,0.0,0.0,0.0,M,M,0.0
USC00126001,"MOUNT VERNON","POSEY",357,37.93,-87.90,0.0,0.0,M,0.0,M,0.0,M,0.0,0.0,0.0,0.0,0.0,0.0,0.0,0.0,0.0,0.0,0.0,0.0,0.0,0.0,0.0,0.0,0.0,0.0,0.0,0.0,0.0,M,0.0,0.0
USC00126023,"MUNCIE","DELAWARE",968,40.18,-85.35,0.0,0.0,0.0,0.0,0.0,0.0,0.0,0.0,0.0,0.0,0.0,0.0,0.0,0.0,0.0,0.0,0.0,0.0,0.0,0.0,0.0,0.0,0.0,0.0,0.0,0.0,0.0,0.0,0.0,0.0,0.0
US1INDL0032,"MUNCIE 1.2 SE","DELAWARE",962,40.19,-85.37,0.0,M,0.0,0.0,M,0.0,0.0,0.0,0.0,0.0,0.0,0.0,0.0,0.0,0.0,0.0,0.0,M,M,M,0.0,0.0,M,0.0,0.0,0.0,M,0.0,M,M,0.0
US1INDL0036,"MUNCIE 4.3 SSE","DELAWARE",981,40.14,-85.36,0.0,0.0,0.0,M,M,0.0,M,0.0,0.0,0.0,0.0,0.0,0.0,0.0,0.0,0.0,0.0,M,M,M,0.0,M,0.0,0.0,0.0,0.0,0.0,0.0,M,M,0.0
USC00126055,"NAPOLEON 1SE","RIPLEY",993,39.20,-85.32,M,M,M,0.0,0.0,0.0,M,M,M,M,M,M,M,M,0.0,M,0.0,M,M,M,M,0.0,M,M,0.0,0.0,0.0,0.0,M,M,M
US1INEL0061,"NAPPANEE 4.8 NE","ELKHART",848,41.50,-85.92,0.0,0.0,0.0,M,M,0.0,0.0,0.0,0.0,0.0,M,0.0,0.0,0.0,0.0,M,M,M,M,0.0,M,M,M,0.0,M,M,M,M,M,M,M
USC00126056,"NASHVILLE 2 NNE","BROWN",690,39.24,-86.23,0.0,0.0,0.0,0.0,0.0,0.0,0.0,0.0,0.0,0.0,0.0,0.0,0.0,0.0,0.0,0.0,0.0,0.0,0.0,0.0,0.0,0.0,0.0,0.0,0.0,0.0,0.0,0.0,0.0,0.0,0.0
US1INBR0003,"NASHVILLE 6.6 WNW","BROWN",908,39.23,-86.36,0.0,0.0,M,M,0.0,0.0,M,0.0,0.0,0.0,0.0,M,0.0,0.0,0.0,0.0,M,M,M,M,M,M,M,M,0.0,0.0,0.0,M,M,M,0.0
USC00126160,"NEW CARLISLE","ST. JOSEPH",760,41.71,-86.50,0.0,0.0,0.0,0.0,0.0,0.0,0.0,0.0,0.0,0.0,0.0,0.0,0.0,0.0,0.0,0.0,0.0,0.0,0.0,0.0,0.0,0.0,0.0,0.0,0.0,0.0,0.0,0.0,0.0,0.0,0.0
US1INHY0018,"NEW CASTLE 2.6 ENE","HENRY",1087,39.94,-85.32,M,M,M,M,M,M,M,M,M,M,M,M,M,M,M,0.0,M,M,M,M,M,M,M,M,M,M,M,M,M,M,M
USC00126164,"NEW CASTLE 3 SW","HENRY",991,39.89,-85.40,0.0,0.0,0.0,0.0,0.0,0.0,0.0,0.0,0.0,0.0,0.0,0.0,0.0,0.0,0.0,0.0,0.0,0.0,0.0,0.0,0.0,0.0,0.0,0.0,0.0,0.0,0.0,0.0,0.0,0.0,0.0
US1INHY0016,"NEW CASTLE 3.2 W","HENRY",1048,39.92,-85.43,0.0,M,0.0,M,M,0.0,0.0,0.0,0.0,0.0,0.0,M,0.0,0.0,0.0,M,M,M,M,0.0,0.0,M,M,0.0,0.0,0.0,0.0,0.0,M,0.0,0.0
US1INHN0003,"NEW PALESTINE 1.4 S","HANCOCK",807,39.70,-85.89,0.0,0.0,M,M,0.0,0.0,M,0.0,0.0,0.0,0.0,M,0.0,0.0,0.0,0.0,0.0,M,0.0,0.0,0.0,M,M,0.0,0.0,0.0,0.0,M,M,0.0,0.0
US1INWS0019,"NEW PEKIN 3.4 SSW","WASHINGTON",797,38.45,-86.03,M,M,M,0.0,0.0,0.0,M,M,0.0,0.0,0.0,M,0.0,M,M,M,0.0,M,M,0.0,0.0,M,M,0.0,M,M,0.0,M,M,M,M
US1INWS0021,"NEW PEKIN 6.5 ENE","WASHINGTON",772,38.54,-85.91,0.0,M,M,0.0,0.0,0.0,M,M,0.0,0.0,0.0,M,0.0,M,0.0,0.0,0.0,M,M,0.0,0.0,0.0,M,0.0,0.0,0.0,0.0,M,M,M,0.0
US1INWS0014,"NEW SALEM 1.4 SSE","WASHINGTON",971,38.60,-85.89,0.0,M,M,0.0,0.0,0.0,M,M,0.0,0.0,0.0,M,0.0,0.0,M,0.0,M,M,0.0,0.0,0.0,M,M,0.0,0.0,0.0,0.0,M,M,M,0.0
US1INHR0017,"NEW SALISBURY 1.2 WNW","HARRISON",724,38.32,-86.12,0.0,M,M,0.0,0.0,0.0,M,0.0,0.0,0.0,0.0,M,0.0,M,M,0.0,M,M,0.0,M,0.0,0.0,M,0.0,0.0,0.0,0.0,0.0,M,0.0,0.0
US1INGN0002,"NEWBERRY 0.6 E","GREENE",545,38.92,-87.01,M,M,0.0,0.0,0.0,0.0,M,0.0,M,M,M,M,0.0,0.0,0.0,0.0,0.0,0.0,0.0,0.0,M,M,M,0.0,0.0,M,M,M,0.0,0.0,0.0
US1INWK0019,"NEWBURGH 1.3 ENE","WARRICK",416,37.96,-87.38,0.0,M,0.0,0.0,0.0,0.0,M,0.0,0.0,0.0,0.0,0.0,0.0,M,0.0,0.0,M,0.0,0.0,0.0,0.0,M,M,0.0,0.0,0.0,0.0,0.0,M,0.0,0.0
US1INWK0002,"NEWBURGH 1.7 ENE","WARRICK",469,37.95,-87.37,0.0,0.0,M,M,M,M,M,M,M,M,0.0,M,M,M,0.0,M,M,M,M,M,M,M,0.0,0.0,0.0,0.0,M,0.0,0.0,M,M
US1INWK0020,"NEWBURGH 2.6 N","WARRICK",410,37.98,-87.40,0.0,0.0,0.0,0.0,0.0,0.0,0.0,0.0,0.0,0.0,0.0,0.0,0.0,0.0,0.0,0.0,0.0,0.0,0.0,0.0,0.0,0.0,0.0,0.0,0.0,0.0,0.0,0.0,0.0,0.0,0.0
USC00126401,"NORTH JUDSON 3 S","STARKE",700,41.17,-86.76,M,0.0,0.0,0.0,0.0,0.0,0.0,0.0,M,M,M,M,M,M,0.0,0.0,0.0,M,M,M,M,M,M,M,M,M,M,M,M,M,M
USC00126420,"NORTH MANCHESTER WWTP","WABASH",760,40.99,-85.77,0.0,0.0,0.0,0.0,0.0,0.0,0.0,0.0,0.0,0.0,0.0,0.0,0.0,0.0,0.0,0.0,0.0,0.0,0.0,0.0,0.0,0.0,0.0,0.0,0.0,0.0,0.0,0.0,0.0,0.0,0.0
USC00126435,"NORTH VERNON 2 ESE","JENNINGS",743,39.00,-85.60,0.0,0.0,0.0,0.0,0.0,0.0,0.0,0.0,0.0,0.0,0.0,0.0,0.0,0.0,0.0,0.0,0.0,0.0,0.0,0.0,0.0,0.0,0.0,0.0,0.0,0.0,0.0,0.0,0.0,0.0,0.0
US1INJN0014,"NORTH VERNON 7.8 W","JENNINGS",603,39.00,-85.78,0.0,M,M,M,0.0,0.0,M,M,0.0,0.0,0.0,M,0.0,0.0,0.0,0.0,0.0,0.0,M,0.0,0.0,0.0,M,0.0,0.0,0.0,0.0,0.0,M,M,0.0
US1INKS0041,"NORTH WEBSTER 2.3 N","KOSCIUSKO",955,41.36,-85.70,0.0,0.0,0.0,M,0.0,0.0,0.0,0.0,0.0,0.0,M,M,0.0,0.0,M,0.0,0.0,0.0,M,0.0,0.0,M,0.0,0.0,0.0,0.0,0.0,M,M,0.0,0.0
USC00126400,"NORTHERN INDIANA WFO","KOSCIUSKO",951,41.36,-85.70,0.0,0.0,0.0,0.0,0.0,0.0,0.0,0.0,0.0,0.0,0.0,0.0,0.0,0.0,0.0,0.0,0.0,0.0,0.0,0.0,0.0,0.0,0.0,0.0,0.0,0.0,0.0,0.0,0.0,0.0,0.0
US1INDV0018,"ODON 4.0 N","DAVIESS",526,38.90,-86.98,0.0,M,0.0,0.0,0.0,0.0,M,M,M,M,M,M,M,M,M,M,M,M,M,M,M,M,M,M,M,M,M,M,M,M,M
USC00126580,"OOLITIC PURDUE EX FRM","LAWRENCE",652,38.89,-86.55,0.0,0.0,0.0,0.0,0.0,0.0,0.0,0.0,0.0,0.0,0.0,0.0,0.0,0.0,0.0,0.0,0.0,0.0,0.0,0.0,0.0,0.0,0.0,0.0,0.0,0.0,0.0,0.0,0.0,0.0,0.0
US1INLG0001,"ORLAND 6.6 SSW","LAGRANGE",991,41.64,-85.20,0.0,0.0,0.0,M,M,M,0.0,0.0,0.0,0.0,M,0.0,0.0,0.0,0.0,0.0,M,M,M,0.0,0.0,M,M,0.0,M,M,M,M,M,M,0.0
US1INOR0001,"ORLEANS 0.6 SE","ORANGE",646,38.66,-86.45,0.0,0.0,0.0,0.0,M,M,M,M,0.0,0.0,0.0,M,M,M,0.0,0.0,0.0,M,M,M,M,0.0,M,0.0,0.0,M,M,M,M,M,0.0
US1INRP0004,"OSGOOD 4.1 NE","RIPLEY",952,39.17,-85.24,M,M,M,M,0.0,0.0,M,M,0.0,0.0,0.0,M,0.0,M,M,0.0,0.0,M,M,M,0.0,0.0,M,0.0,0.0,0.0,0.0,0.0,M,M,0.0
US1INWL0014,"OSSIAN 2.4 W","WELLS",844,40.87,-85.21,0.0,0.0,0.0,M,0.0,0.0,0.0,0.0,0.0,0.0,0.0,0.0,0.0,0.0,0.0,0.0,M,M,0.0,0.0,0.0,M,M,0.0,0.0,0.0,0.0,M,M,M,M
US1INTP0076,"OTTERBEIN 2.0 ESE","TIPPECANOE",698,40.48,-87.06,M,M,M,M,M,M,M,M,M,M,M,M,M,M,M,M,M,M,M,M,M,M,M,0.0,M,M,M,M,M,M,M
US1INTP0009,"OTTERBEIN 2.3 SE","TIPPECANOE",692,40.47,-87.06,0.0,0.0,0.0,0.0,0.0,0.0,0.0,0.0,0.0,0.0,0.0,0.0,0.0,0.0,0.0,0.0,0.0,0.0,0.0,0.0,M,M,0.0,0.0,0.0,0.0,0.0,0.0,0.0,0.0,0.0
US1INOR0013,"PAOLI 1.6 SSE","ORANGE",810,38.54,-86.46,0.0,0.0,M,0.0,0.0,M,M,0.0,0.0,0.0,0.0,M,0.0,0.0,0.0,0.0,0.0,0.0,0.0,0.0,0.0,M,0.0,M,0.0,0.0,0.0,0.0,M,0.0,M
USC00126801,"PENCE 1 SW","WARREN",700,40.35,-87.53,0.0,0.0,0.0,0.0,0.0,0.0,0.0,0.0,0.0,0.0,0.0,0.0,0.0,0.0,0.0,0.0,0.0,0.0,0.0,0.0,0.0,0.0,0.0,0.0,0.0,0.0,0.0,0.0,0.0,0.0,0.0
USC00126830,"PERRYSVILLE 4 WNW","VERMILLION",611,40.07,-87.51,0.0,0.0,0.0,0.0,0.0,0.0,0.0,0.0,0.0,0.0,0.0,0.0,0.0,0.0,0.0,0.0,0.0,0.0,0.0,0.0,0.0,0.0,0.0,0.0,0.0,0.0,0.0,0.0,0.0,0.0,0.0
USC00126864,"PERU","MIAMI",660,40.76,-86.07,0.0,0.0,0.0,0.0,0.0,0.0,0.0,0.0,0.0,0.0,0.0,0.0,0.0,0.0,0.0,0.0,0.0,0.0,0.0,0.0,0.0,0.0,0.0,0.0,0.0,0.0,0.0,0.0,0.0,0.0,0.0
US1INPK0001,"PETERSBURG 1.4 ENE","PIKE",561,38.50,-87.26,0.0,0.0,0.0,0.0,0.0,0.0,M,M,0.0,0.0,0.0,M,0.0,0.0,M,0.0,0.0,0.0,0.0,0.0,M,M,M,0.0,0.0,0.0,0.0,0.0,0.0,M,0.0
US1INHS0008,"PLAINFIELD 1.1 W","HENDRICKS",725,39.70,-86.41,0.0,M,0.0,M,0.0,M,M,0.0,0.0,0.0,0.0,M,0.0,0.0,0.0,0.0,0.0,M,M,0.0,0.0,M,M,0.0,0.0,0.0,0.0,M,M,0.0,0.0
US1INHS0002,"PLAINFIELD 1.5 NW","HENDRICKS",755,39.71,-86.41,0.0,0.0,0.0,0.0,0.0,0.0,0.0,0.0,0.0,0.0,0.0,0.0,0.0,0.0,0.0,0.0,0.0,0.0,0.0,0.0,0.0,0.0,M,0.0,0.0,0.0,0.0,0.0,0.0,0.0,0.0
US1INDV0012,"PLAINVILLE 1.3 S","DAVIESS",552,38.78,-87.16,0.0,M,0.0,0.0,0.0,0.0,M,M,0.0,0.0,0.0,M,0.0,0.0,0.0,0.0,0.0,M,M,0.0,0.0,M,M,0.0,0.0,M,0.0,M,0.0,0.0,0.0
USC00126989,"PLYMOUTH","MARSHALL",815,41.34,-86.34,0.0,0.0,0.0,0.0,0.0,0.0,0.0,0.0,0.0,0.0,0.0,0.0,0.0,0.0,0.0,0.0,0.0,0.0,0.0,0.0,0.0,0.0,0.0,0.0,0.0,0.0,0.0,0.0,0.0,0.0,0.0
US1INML0006,"PLYMOUTH 2.5 WSW","MARSHALL",814,41.33,-86.36,0.0,0.0,0.0,0.0,0.0,0.0,0.0,0.0,0.0,0.0,0.0,0.0,0.0,0.0,0.0,0.0,0.0,0.0,0.0,0.0,0.0,0.0,0.0,0.0,0.0,0.0,0.0,0.0,0.0,0.0,0.0
US1INML0013,"PLYMOUTH 6.4 NW","MARSHALL",803,41.41,-86.40,M,M,0.0,M,M,M,0.0,M,M,M,M,M,M,M,M,M,M,M,M,M,M,M,M,M,0.0,M,M,M,M,M,M
US1INPT0032,"PORTAGE 0.9 ESE","PORTER",646,41.58,-87.17,0.0,M,M,M,M,M,0.0,0.0,0.0,0.0,0.0,0.0,0.0,0.0,0.0,0.0,M,M,0.0,0.0,M,M,M,M,M,0.0,0.0,M,M,0.0,0.0
US1INPT0069,"PORTER 0.6 S","PORTER",636,41.62,-87.08,0.0,0.0,0.0,M,M,0.0,0.0,0.0,0.0,0.0,0.0,0.0,0.0,0.0,0.0,0.0,M,M,0.0,0.0,0.0,M,0.0,0.0,0.0,0.0,0.0,M,0.0,0.0,0.0
US1INJY0012,"PORTLAND 2.3 S","JAY",935,40.40,-84.98,0.0,M,0.0,M,0.0,0.0,M,0.0,0.0,0.0,0.0,0.0,0.0,0.0,0.0,M,M,M,0.0,0.0,M,M,M,0.0,0.0,0.0,0.0,0.0,M,0.0,0.0
US1INPS0001,"POSEYVILLE 2.8 NW","POSEY",453,38.20,-87.82,0.0,0.0,0.0,0.0,0.0,M,M,0.0,0.0,0.0,0.0,M,0.0,M,0.0,0.0,M,0.0,0.0,M,0.0,M,M,0.0,0.0,0.0,0.0,0.0,0.0,0.0,M
US1INGB0013,"PRINCETON 1.0 NW","GIBSON",472,38.37,-87.58,0.0,0.0,0.0,0.0,0.0,M,M,0.0,0.0,0.0,0.0,M,0.0,M,M,0.0,M,M,M,M,M,M,M,M,M,M,M,M,M,M,M
US1INPM0012,"REELSVILLE 2.6 SSW","PUTNAM",726,39.52,-86.99,0.0,M,M,M,0.0,M,M,0.0,0.0,0.0,0.0,0.0,0.0,0.0,0.0,0.0,M,M,M,0.0,0.0,M,M,0.0,0.0,0.0,0.0,M,0.0,0.0,0.0
USC00127255,"REELSVILLE 4 SW","PUTNAM",630,39.50,-87.00,0.0,0.0,0.0,0.0,0.0,0.0,0.0,0.0,0.0,0.0,0.0,0.0,0.0,0.0,0.0,0.0,0.0,0.0,0.0,0.0,0.0,0.0,0.0,0.0,0.0,0.0,0.0,0.0,0.0,0.0,0.0
US1INJS0047,"REMINGTON 0.3 N","JASPER",734,40.77,-87.15,M,M,M,0.0,M,M,M,M,M,M,M,M,M,M,M,M,M,M,M,M,M,M,M,M,0.0,M,M,M,M,0.0,M
USC00127298,"RENSSELAER","JASPER",630,40.92,-87.18,M,0.0,0.0,M,M,M,0.0,0.0,0.0,M,0.0,0.0,0.0,M,M,M,M,0.0,0.0,0.0,M,0.0,0.0,0.0,0.0,0.0,0.0,M,M,M,0.0
US1INJS0056,"RENSSELAER 1.9 N","JASPER",689,40.96,-87.15,0.0,0.0,0.0,M,M,M,M,0.0,0.0,0.0,M,M,M,0.0,0.0,0.0,M,M,M,M,M,M,M,M,M,M,M,M,M,M,0.0
US1INJS0007,"RENSSELAER 1.9 SSW","JASPER",686,40.91,-87.16,0.0,0.0,0.0,M,0.0,0.0,0.0,0.0,0.0,0.0,M,0.0,0.0,0.0,0.0,0.0,0.0,M,0.0,0.0,M,M,M,0.0,0.0,0.0,0.0,0.0,M,0.0,0.0
US1INJS0054,"RENSSELAER 4.3 N","JASPER",688,41.00,-87.16,0.0,0.0,M,M,M,0.0,M,0.0,0.0,0.0,M,M,0.0,0.0,0.0,0.0,0.0,M,0.0,0.0,M,M,M,0.0,0.0,0.0,0.0,M,0.0,M,0.0
US1INJS0032,"RENSSELAER 6.2 SE","JASPER",673,40.86,-87.08,0.0,0.0,0.0,0.0,0.0,0.0,0.0,0.0,0.0,0.0,0.0,0.0,0.0,0.0,0.0,0.0,0.0,0.0,0.0,0.0,0.0,0.0,0.0,0.0,0.0,0.0,0.0,0.0,0.0,0.0,0.0
USC00127370,"RICHMOND WATER WORKS","WAYNE",1005,39.85,-84.88,M,M,M,M,M,M,M,M,M,M,M,M,0.0,0.0,M,M,M,M,M,M,M,M,M,M,M,M,M,M,M,M,M
USC00127398,"RIDGEVILLE 3 SSE","RANDOLPH",1035,40.26,-85.00,0.0,0.0,0.0,0.0,0.0,0.0,0.0,0.0,0.0,0.0,0.0,0.0,0.0,0.0,0.0,0.0,0.0,0.0,0.0,0.0,0.0,0.0,0.0,0.0,0.0,0.0,0.0,0.0,0.0,0.0,0.0
USC00127482,"ROCHESTER","FULTON",760,41.07,-86.21,0.0,0.0,0.0,0.0,0.0,0.0,0.0,0.0,0.0,0.0,0.0,0.0,0.0,0.0,0.0,0.0,0.0,0.0,0.0,0.0,0.0,0.0,0.0,0.0,0.0,0.0,0.0,0.0,0.0,0.0,0.0
US1INFL0003,"ROCHESTER 2.4 NW","FULTON",764,41.09,-86.23,0.0,0.0,0.0,0.0,0.0,0.0,0.0,0.0,0.0,0.0,0.0,0.0,0.0,0.0,0.0,0.0,0.0,0.0,0.0,0.0,0.0,0.0,0.0,0.0,0.0,0.0,0.0,0.0,0.0,0.0,0.0
USC00127522,"ROCKVILLE","PARKE",688,39.76,-87.23,0.0,0.0,0.0,0.0,0.0,0.0,0.0,0.0,0.0,0.0,0.0,0.0,0.0,0.0,0.0,0.0,0.0,0.0,0.0,0.0,0.0,0.0,0.0,0.0,0.0,0.0,0.0,0.0,0.0,0.0,0.0
USC00127646,"RUSHVILLE","RUSH",948,39.60,-85.45,0.0,0.0,0.0,0.0,0.0,0.0,0.0,0.0,0.0,0.0,0.0,0.0,0.0,0.0,0.0,0.0,0.0,0.0,0.0,0.0,0.0,0.0,0.0,0.0,0.0,0.0,0.0,0.0,0.0,0.0,0.0
US1INWS0013,"SALEM 0.5 NE","WASHINGTON",787,38.61,-86.09,0.0,M,0.0,0.0,0.0,M,M,0.0,0.0,0.0,0.0,0.0,0.0,M,0.0,0.0,M,M,0.0,0.0,0.0,0.0,M,0.0,0.0,0.0,0.0,M,M,M,0.0
US1INSP0002,"SANTA CLAUS 1.4 SW","SPENCER",510,38.10,-86.94,0.0,M,0.0,0.0,0.0,M,M,M,0.0,0.0,0.0,M,0.0,M,0.0,0.0,M,M,0.0,M,M,M,M,0.0,0.0,0.0,0.0,M,M,M,0.0
US1INLK0067,"SCHERERVILLE 1.1 E","LAKE",645,41.49,-87.43,M,0.0,0.0,M,M,0.0,0.0,0.0,0.0,0.0,0.0,0.0,0.0,0.0,0.0,0.0,M,0.0,0.0,0.0,0.0,M,0.0,0.0,0.0,0.0,0.0,M,M,M,0.0
US1INLK0078,"SCHERERVILLE 1.4 E","LAKE",657,41.49,-87.42,0.0,0.0,0.0,M,M,0.0,0.0,0.0,0.0,0.0,0.0,0.0,0.0,0.0,0.0,0.0,M,0.0,0.0,0.0,M,M,0.0,0.0,0.0,M,0.0,M,M,0.0,0.0
US1INJK0008,"SEYMOUR 0.2 SSW","JACKSON",607,38.96,-85.89,0.0,M,M,M,0.0,M,M,M,0.0,0.0,0.0,M,0.0,0.0,M,0.0,0.0,M,0.0,M,0.0,M,M,0.0,0.0,0.0,0.0,0.0,M,M,0.0
USC00127959,"SHAKAMAK STATE PARK","SULLIVAN",549,39.16,-87.24,0.0,0.0,0.0,0.0,0.0,0.0,0.0,0.0,0.0,0.0,0.0,0.0,0.0,0.0,0.0,0.0,0.0,0.0,0.0,0.0,0.0,0.0,0.0,0.0,0.0,0.0,0.0,0.0,0.0,0.0,0.0
US1INSH0004,"SHELBYVILLE 7.1 WSW","SHELBY",743,39.49,-85.90,0.0,M,M,0.0,0.0,0.0,M,0.0,0.0,0.0,0.0,M,0.0,0.0,0.0,0.0,0.0,M,0.0,0.0,0.0,M,M,0.0,0.0,0.0,0.0,M,M,M,M
USC00127999,"SHELBYVILLE SEWAGE PLANT","SHELBY",752,39.53,-85.79,0.0,0.0,0.0,0.0,0.0,0.0,0.0,0.0,0.0,0.0,0.0,0.0,0.0,0.0,0.0,0.0,0.0,0.0,0.0,0.0,0.0,0.0,0.0,0.0,0.0,0.0,0.0,0.0,0.0,0.0,0.0
US1INHM0061,"SHERIDAN 2.0 SW","HAMILTON",948,40.11,-86.24,0.0,0.0,0.0,0.0,M,0.0,0.0,0.0,0.0,M,0.0,0.0,0.0,0.0,0.0,0.0,M,M,M,0.0,M,M,0.0,0.0,0.0,M,0.0,M,M,0.0,0.0
US1INHM0029,"SHERIDAN 3.9 S","HAMILTON",945,40.08,-86.23,M,M,M,M,M,M,M,M,M,M,M,0.0,M,M,M,M,M,M,M,M,M,M,M,M,M,M,M,M,M,M,M
US1INMT0003,"SHOALS 4.0 E","MARTIN",745,38.66,-86.72,0.0,0.0,0.0,0.0,0.0,0.0,M,M,0.0,0.0,0.0,0.0,0.0,M,M,0.0,0.0,0.0,0.0,0.0,M,M,M,0.0,0.0,0.0,0.0,M,M,0.0,0.0
USC00128036,"SHOALS 8 S","MARTIN",477,38.55,-86.79,0.0,0.0,0.0,0.0,0.0,0.0,0.0,0.0,0.0,0.0,0.0,0.0,0.0,0.0,0.0,0.0,0.0,0.0,0.0,0.0,0.0,0.0,0.0,0.0,0.0,0.0,0.0,0.0,0.0,0.0,0.0
USC00128437,"SOUTH BEND","ST. JOSEPH",710,41.70,-86.25,0.0,0.0,0.0,0.0,0.0,0.0,0.0,0.0,0.0,0.0,0.0,0.0,0.0,0.0,0.0,0.0,0.0,0.0,0.0,0.0,0.0,0.0,0.0,0.0,0.0,0.0,0.0,0.0,0.0,0.0,0.0
US1INSJ0058,"SOUTH BEND 4.5 SE","ST. JOSEPH",873,41.62,-86.22,0.0,M,M,0.0,0.0,M,0.0,0.0,M,0.0,0.0,0.0,M,M,0.0,M,0.0,0.0,0.0,0.0,0.0,0.0,M,M,0.0,M,0.0,0.0,0.0,M,M
US1INSJ0028,"SOUTH BEND 4.6 SE","ST. JOSEPH",884,41.62,-86.22,0.0,0.0,0.0,0.0,0.0,0.0,0.0,0.0,0.0,0.0,0.0,0.0,0.0,0.0,0.0,0.0,0.0,0.0,0.0,0.0,0.0,0.0,0.0,0.0,0.0,0.0,0.0,0.0,0.0,0.0,0.0
US1INSJ0047,"SOUTH BEND 5.9 W","ST. JOSEPH",752,41.67,-86.38,M,M,M,M,M,M,M,M,M,M,M,M,M,M,M,M,M,M,M,M,M,M,M,M,M,0.0,M,M,M,M,M
USW00014848,"SOUTH BEND AP","ST. JOSEPH",773,41.71,-86.32,0.0,0.0,0.0,0.0,0.0,0.0,0.0,0.0,0.0,0.0,0.0,0.0,0.0,0.0,0.0,0.0,0.0,0.0,0.0,0.0,0.0,0.0,0.0,0.0,0.0,0.0,0.0,0.0,0.0,0.0,0.0
US1INMR0013,"SPEEDWAY 6.2 SSW","MARION",797,39.71,-86.28,0.0,0.0,0.0,0.0,0.0,0.0,0.0,0.0,0.0,0.0,0.0,M,0.0,0.0,0.0,0.0,0.0,0.0,0.0,0.0,0.0,0.0,0.0,0.0,0.0,0.0,0.0,0.0,0.0,0.0,0.0
USC00128290,"SPENCER","OWEN",549,39.28,-86.77,0.0,0.0,0.0,0.0,0.0,0.0,0.0,0.0,0.0,0.0,0.0,0.0,0.0,0.0,0.0,0.0,0.0,0.0,0.0,0.0,0.0,0.0,0.0,0.0,0.0,0.0,0.0,0.0,0.0,0.0,0.0
US1INOW0017,"SPENCER 0.6 ESE","OWEN",561,39.29,-86.76,0.0,M,M,0.0,0.0,0.0,M,0.0,0.0,0.0,0.0,M,0.0,0.0,0.0,0.0,M,0.0,M,0.0,0.0,M,M,M,0.0,0.0,0.0,M,M,M,0.0
US1INOW0009,"SPENCER 7.0 S","OWEN",774,39.19,-86.78,0.0,M,0.0,0.0,0.0,0.0,M,0.0,0.0,0.0,0.0,M,0.0,0.0,0.0,0.0,M,M,M,M,0.0,M,M,0.0,0.0,0.0,0.0,M,M,0.0,0.0
US1INHY0024,"SPICELAND 0.4 SSE","HENRY",1056,39.83,-85.43,0.0,M,M,M,M,M,0.0,M,M,0.0,0.0,M,M,M,0.0,M,M,M,0.0,M,0.0,M,M,0.0,0.0,M,0.0,0.0,M,M,M
US1INLK0046,"ST. JOHN 0.2 WSW","LAKE",700,41.45,-87.48,0.0,0.0,0.0,0.0,0.0,0.0,0.0,0.0,0.0,0.0,0.0,0.0,0.0,0.0,0.0,0.0,0.0,0.0,0.0,0.0,0.0,0.0,0.0,0.0,0.0,0.0,0.0,0.0,0.0,0.0,0.0
US1INMG0012,"STILESVILLE 3.6 S","MORGAN",794,39.59,-86.63,M,M,M,M,M,M,M,M,M,M,M,M,M,M,M,M,M,M,M,M,M,0.0,M,M,0.0,M,M,0.0,0.0,0.0,0.0
US1INRS0002,"STRAUGHN 3.7 SSW","RUSH",1050,39.76,-85.32,0.0,M,M,M,M,M,M,M,M,M,M,M,M,M,M,M,M,M,M,M,M,M,M,M,M,M,M,M,M,M,M
US1INKS0029,"SYRACUSE 0.9 SW","KOSCIUSKO",901,41.41,-85.76,0.0,0.0,0.0,0.0,0.0,0.0,0.0,0.0,0.0,0.0,0.0,0.0,0.0,0.0,0.0,0.0,0.0,0.0,0.0,0.0,0.0,0.0,0.0,0.0,0.0,0.0,0.0,0.0,0.0,0.0,0.0
US1INEL0046,"SYRACUSE 3.3 NNE","ELKHART",847,41.47,-85.72,0.0,0.0,0.0,M,M,0.0,0.0,M,0.0,0.0,M,0.0,M,M,M,0.0,M,M,M,0.0,M,M,M,M,0.0,0.0,0.0,M,M,M,M
US1INEL0017,"SYRACUSE 4.4 NNW","ELKHART",827,41.48,-85.77,0.0,0.0,0.0,M,M,0.0,M,0.0,0.0,0.0,M,0.0,0.0,0.0,0.0,0.0,M,M,M,0.0,0.0,M,0.0,0.0,0.0,0.0,0.0,M,0.0,0.0,0.0
US1INBW0011,"TAYLORSVILLE 0.8 SSW","BARTHOLOMEW",659,39.28,-85.95,0.0,M,0.0,0.0,M,M,M,M,M,0.0,0.0,M,M,M,M,0.0,M,M,M,0.0,0.0,M,M,M,0.0,M,0.0,0.0,M,M,M
US1INPY0004,"TELL CITY 0.9 NNE","PERRY",427,37.96,-86.75,M,M,M,0.0,0.0,0.0,M,M,0.0,0.0,0.0,0.0,0.0,M,0.0,0.0,0.0,M,0.0,0.0,0.0,M,M,0.0,0.0,0.0,0.0,M,M,M,M
USC00128723,"TERRE HAUTE INDIANA STATE","VIGO",507,39.47,-87.41,0.0,0.0,0.0,0.0,M,M,0.0,0.0,0.0,0.0,0.0,M,0.0,M,0.0,M,0.0,0.0,0.0,0.0,0.0,0.0,0.0,0.0,0.0,0.0,0.0,0.0,0.0,0.0,0.0
US1INBN0017,"THORNTOWN 3.4 SW","BOONE",879,40.09,-86.65,0.0,M,M,M,M,M,M,0.0,0.0,0.0,0.0,0.0,0.0,0.0,0.0,M,M,M,0.0,0.0,0.0,M,M,0.0,0.0,0.0,0.0,M,M,M,M
USC00128784,"TIPTON 5 SW","TIPTON",890,40.22,-86.11,0.0,0.0,0.0,0.0,0.0,0.0,0.0,0.0,0.0,0.0,0.0,0.0,0.0,0.0,0.0,0.0,0.0,0.0,0.0,0.0,0.0,0.0,0.0,0.0,0.0,0.0,0.0,0.0,0.0,0.0,0.0
US1INLP0032,"TRAIL CREEK 3.0 SE","LAPORTE",751,41.67,-86.81,M,M,M,M,M,M,0.0,0.0,M,M,M,M,M,M,M,0.0,M,M,0.0,M,M,M,M,M,M,M,M,M,M,M,M
US1INWB0007,"URBANA 0.3 ENE","WABASH",796,40.90,-85.79,0.0,M,0.0,M,0.0,0.0,0.0,0.0,0.0,0.0,0.0,M,0.0,0.0,0.0,0.0,M,M,0.0,0.0,M,M,M,0.0,0.0,0.0,0.0,M,M,M,0.0
US1INPT0008,"VALPARAISO 0.6 SE","PORTER",824,41.47,-87.04,0.0,M,M,M,M,0.0,0.0,0.0,0.0,0.0,0.0,M,M,M,M,M,M,M,M,M,M,M,M,0.0,0.0,0.0,0.0,M,0.0,0.0,0.0
US1INPT0098,"VALPARAISO 0.9 NNW","PORTER",824,41.49,-87.06,M,M,M,M,M,0.0,M,M,M,M,M,0.0,0.0,M,M,M,M,M,0.0,0.0,0.0,0.0,0.0,0.0,0.0,0.0,0.0,M,M,M,M
US1INPT0128,"VALPARAISO 1.0 NE","PORTER",819,41.49,-87.04,0.0,M,0.0,M,M,M,0.0,0.0,0.0,0.0,0.0,0.0,0.0,0.0,0.0,M,M,M,M,M,M,M,0.0,0.0,M,M,0.0,M,0.0,0.0,0.0
US1INPT0063,"VALPARAISO 1.8 NW","PORTER",837,41.50,-87.07,0.0,M,M,M,M,0.0,0.0,0.0,0.0,0.0,0.0,0.0,0.0,0.0,0.0,0.0,M,M,M,M,M,M,M,0.0,0.0,0.0,0.0,M,M,0.0,0.0
US1INPT0003,"VALPARAISO 2.0 WSW","PORTER",722,41.47,-87.09,0.0,M,M,M,M,M,0.0,0.0,0.0,0.0,0.0,M,0.0,0.0,0.0,0.0,M,M,M,0.0,M,M,0.0,0.0,0.0,0.0,0.0,M,M,M,M
US1INPT0133,"VALPARAISO 2.2 WNW","PORTER",786,41.49,-87.09,0.0,M,M,M,M,0.0,M,0.0,0.0,0.0,0.0,0.0,0.0,0.0,0.0,0.0,0.0,M,0.0,M,M,M,0.0,0.0,0.0,0.0,0.0,M,M,0.0,0.0
US1INPT0012,"VALPARAISO 4.3 SW","PORTER",774,41.43,-87.11,0.0,0.0,M,M,M,0.0,0.0,0.0,0.0,0.0,0.0,0.0,0.0,0.0,0.0,0.0,0.0,M,M,0.0,M,M,0.0,0.0,0.0,0.0,0.0,M,M,0.0,0.0
US1INPT0117,"VALPARAISO 5.5 SSW","PORTER",739,41.41,-87.10,0.0,M,M,M,M,0.0,0.0,0.0,0.0,0.0,0.0,0.0,0.0,0.0,0.0,0.0,M,M,M,0.0,M,M,M,0.0,0.0,0.0,0.0,M,0.0,0.0,0.0
US1INPT0090,"VALPARAISO 5.7 WSW","PORTER",758,41.43,-87.14,0.0,0.0,0.0,M,M,0.0,0.0,0.0,0.0,0.0,0.0,0.0,0.0,0.0,0.0,0.0,M,M,M,0.0,M,M,M,0.0,0.0,0.0,0.0,M,0.0,0.0,M
US1INPT0083,"VALPARAISO 6.2 NW","PORTER",651,41.54,-87.14,0.0,0.0,0.0,M,M,0.0,0.0,0.0,0.0,0.0,0.0,0.0,0.0,0.0,0.0,0.0,0.0,0.0,0.0,0.0,0.0,M,0.0,0.0,0.0,0.0,M,M,M,0.0,0.0
US1INPT0062,"VALPARAISO 7.4 WSW","PORTER",764,41.44,-87.19,0.0,M,M,M,0.0,0.0,0.0,0.0,0.0,0.0,0.0,0.0,0.0,0.0,0.0,0.0,0.0,M,M,0.0,M,M,0.0,0.0,0.0,0.0,0.0,M,M,0.0,0.0
USC00126437,"VERNON 1 ENE","JENNINGS",750,38.99,-85.59,0.0,0.0,0.0,0.0,0.0,0.0,0.0,0.0,0.0,0.0,0.0,0.0,0.0,0.0,0.0,0.0,0.0,0.0,0.0,0.0,0.0,0.0,0.0,0.0,0.0,0.0,0.0,0.0,0.0,0.0,0.0
USC00129112,"VINCENNES 4 E","KNOX",530,38.68,-87.46,0.0,0.0,0.0,0.0,0.0,0.0,0.0,0.0,0.0,0.0,0.0,0.0,0.0,0.0,0.0,0.0,0.0,0.0,0.0,0.0,0.0,0.0,0.0,0.0,0.0,0.0,0.0,0.0,0.0,0.0,0.0
USC00129113,"VINCENNES 5 NE","KNOX",452,38.74,-87.49,0.0,0.0,0.0,0.0,0.0,0.0,0.0,0.0,0.0,0.0,0.0,0.0,0.0,0.0,0.0,0.0,0.0,0.0,0.0,0.0,0.0,0.0,0.0,0.0,0.0,0.0,0.0,0.0,0.0,0.0,0.0
USC00129435,"W LAFAYETTE SEW PLANT","TIPPECANOE",531,40.42,-86.91,0.0,0.0,0.0,0.0,0.0,0.0,0.0,0.0,0.0,0.0,0.0,0.0,0.0,0.0,0.0,0.0,0.0,0.0,0.0,0.0,0.0,0.0,0.0,0.0,0.0,0.0,0.0,0.0,0.0,0.0,0.0
USC00129138,"WABASH","WABASH",665,40.79,-85.83,0.0,0.0,0.0,0.0,0.0,0.0,0.0,0.0,0.0,0.0,0.0,0.0,0.0,0.0,0.0,0.0,0.0,0.0,0.0,0.0,0.0,0.0,0.0,0.0,0.0,0.0,0.0,0.0,0.0,0.0,0.0
US1INWB0018,"WABASH 0.3 NNW","WABASH",761,40.80,-85.83,0.0,M,0.0,M,0.0,0.0,M,0.0,0.0,0.0,0.0,0.0,0.0,0.0,0.0,0.0,M,M,M,0.0,M,M,M,0.0,M,0.0,0.0,M,M,M,0.0
US1INWB0013,"WABASH 1.5 SW","WABASH",760,40.78,-85.84,0.0,M,0.0,M,0.0,0.0,M,0.0,0.0,0.0,0.0,0.0,0.0,0.0,0.0,0.0,M,M,0.0,0.0,M,M,M,0.0,0.0,0.0,0.0,M,M,M,0.0
US1INEL0008,"WAKARUSA 2.4 NNE","ELKHART",840,41.57,-85.99,0.0,0.0,0.0,0.0,0.0,0.0,0.0,0.0,0.0,0.0,0.0,0.0,0.0,0.0,0.0,0.0,0.0,0.0,0.0,0.0,0.0,0.0,0.0,0.0,0.0,0.0,0.0,0.0,0.0,0.0,0.0
US1INSJ0017,"WALKERTON 5.7 ENE","ST. JOSEPH",764,41.50,-86.39,0.0,M,0.0,M,M,0.0,M,0.0,0.0,0.0,0.0,0.0,0.0,0.0,0.0,M,M,0.0,M,0.0,M,M,M,0.0,0.0,0.0,0.0,M,M,M,0.0
USC00129222,"WANATAH 2 WNW","LAPORTE",735,41.44,-86.93,0.0,0.0,0.0,0.0,0.0,0.0,0.0,0.0,0.0,0.0,0.0,0.0,0.0,0.0,0.0,0.0,0.0,0.0,0.0,0.0,0.0,0.0,0.0,0.0,0.0,0.0,0.0,0.0,0.0,0.0,0.0
US1INLP0002,"WANATAH 4.4 ESE","LAPORTE",712,41.41,-86.81,M,M,M,M,M,0.0,M,0.0,0.0,0.0,0.0,0.0,0.0,M,M,M,M,M,M,M,M,M,M,M,M,M,M,M,M,M,M
USC00129240,"WARSAW","KOSCIUSKO",815,41.26,-85.87,0.0,0.0,0.0,M,0.0,M,0.0,0.0,0.0,M,M,M,M,M,M,M,M,M,M,M,M,M,M,M,M,M,M,M,M,M,M
US1INKS0003,"WARSAW 1.1 NNW","KOSCIUSKO",817,41.25,-85.86,M,0.0,0.0,M,M,M,0.0,M,M,M,M,M,M,0.0,0.0,0.0,M,M,M,M,M,M,M,M,M,M,M,M,M,M,M
US1INKS0051,"WARSAW 1.4 N","KOSCIUSKO",815,41.26,-85.85,0.0,0.0,0.0,M,M,M,M,M,0.0,0.0,M,0.0,0.0,0.0,0.0,0.0,M,M,M,M,M,M,M,0.0,0.0,M,0.0,M,M,M,0.0
US1INKS0019,"WARSAW 2.9 SE","KOSCIUSKO",853,41.21,-85.80,M,M,M,0.0,M,M,M,M,M,M,M,M,M,M,M,M,0.0,0.0,M,M,M,0.0,M,M,M,M,M,M,M,M,M
US1INKS0055,"WARSAW 4.0 NNE","KOSCIUSKO",839,41.29,-85.82,0.0,M,M,M,M,M,M,M,M,M,M,M,M,M,M,M,M,M,M,M,M,M,M,M,M,M,M,M,M,M,M
USC00129243,"WARSAW 5SW","KOSCIUSKO",850,41.17,-85.92,0.0,0.0,0.0,0.0,0.0,0.0,0.0,0.0,0.0,0.0,0.0,0.0,0.0,0.0,0.0,0.0,0.0,0.0,0.0,0.0,0.0,0.0,0.0,0.0,0.0,0.0,0.0,0.0,0.0,0.0,0.0
USC00129253,"WASHINGTON 1 W","DAVIESS",482,38.65,-87.20,0.0,0.0,0.0,0.0,0.0,0.0,0.0,0.0,0.0,0.0,0.0,0.0,0.0,0.0,0.0,0.0,0.0,0.0,0.0,0.0,0.0,0.0,0.0,0.0,0.0,0.0,0.0,0.0,0.0,0.0,0.0
US1INDV0001,"WASHINGTON 1.5 NW","DAVIESS",476,38.68,-87.19,0.0,0.0,0.0,0.0,0.0,0.0,0.0,0.0,0.0,0.0,0.0,0.0,0.0,0.0,0.0,0.0,0.0,0.0,0.0,0.0,0.0,0.0,0.0,0.0,0.0,0.0,0.0,0.0,0.0,0.0,0.0
US1INDV0017,"WASHINGTON 3.3 SE","DAVIESS",489,38.62,-87.14,0.0,0.0,0.0,0.0,0.0,0.0,0.0,0.0,0.0,M,0.0,0.0,0.0,0.0,0.0,0.0,0.0,0.0,0.0,0.0,0.0,0.0,0.0,0.0,0.0,0.0,0.0,0.0,0.0,0.0,0.0
USC00129430,"WEST LAFAYETTE 6 NW","TIPPECANOE",708,40.47,-86.99,0.0,0.0,0.0,0.0,0.0,0.0,0.0,0.0,0.0,0.0,0.0,0.0,0.0,0.0,0.0,0.0,0.0,0.0,0.0,0.0,0.0,0.0,0.0,0.0,0.0,0.0,0.0,0.0,0.0,0.0,0.0
US1INJS0001,"WHEATFIELD 2.8 S","JASPER",676,41.15,-87.04,M,M,M,M,M,M,M,0.0,0.0,0.0,M,M,M,0.0,0.0,0.0,M,M,M,M,M,M,M,M,M,M,M,M,M,0.0,0.0
US1INJS0073,"WHEATFIELD 4.1 WSW","JASPER",686,41.18,-87.13,0.0,M,0.0,M,0.0,0.0,0.0,0.0,0.0,0.0,M,0.0,0.0,0.0,0.0,0.0,0.0,0.0,M,M,M,M,M,M,M,M,M,M,M,M,M
USC00129557,"WHITESTOWN","BOONE",941,40.00,-86.35,0.0,0.0,0.0,0.0,0.0,0.0,0.0,0.0,0.0,0.0,0.0,0.0,0.0,0.0,0.0,0.0,0.0,0.0,0.0,0.0,0.0,0.0,0.0,0.0,0.0,0.0,0.0,0.0,0.0,0.0,0.0
US1INBN0047,"WHITESTOWN 6.5 NE","BOONE",929,40.07,-86.28,M,M,M,M,M,M,0.0,0.0,0.0,0.0,M,0.0,0.0,0.0,0.0,0.0,M,M,M,M,M,M,M,0.0,0.0,0.0,0.0,M,M,M,M
USC00129605,"WILLIAMS 3 SW","MARTIN",547,38.77,-86.68,0.0,0.0,0.0,0.0,0.0,0.0,0.0,0.0,0.0,0.0,0.0,0.0,0.0,0.0,0.0,0.0,0.0,0.0,0.0,0.0,0.0,0.0,0.0,0.0,0.0,0.0,0.0,0.0,0.0,0.0,0.0
USC00129670,"WINAMAC 2SSE","PULASKI",690,41.03,-86.59,0.0,0.0,0.0,0.0,0.0,0.0,0.0,0.0,0.0,0.0,0.0,0.0,0.0,0.0,0.0,0.0,0.0,0.0,0.0,0.0,0.0,0.0,0.0,0.0,0.0,0.0,0.0,0.0,0.0,0.0,0.0
US1INLK0047,"WINFIELD 1.2 NE","LAKE",711,41.42,-87.26,0.0,0.0,M,M,M,0.0,0.0,0.0,0.0,0.0,0.0,0.0,0.0,0.0,0.0,0.0,M,0.0,M,0.0,M,M,0.0,0.0,0.0,0.0,0.0,M,M,M,0.0
US1INKS0052,"WINONA LAKE 1.1 E","KOSCIUSKO",870,41.22,-85.79,0.0,M,0.0,M,M,M,M,0.0,0.0,0.0,M,M,M,0.0,0.0,0.0,M,M,M,M,M,M,M,0.0,0.0,M,M,M,M,M,M
USC00129724,"WOODBURN 3N","ALLEN",710,41.16,-84.85,0.0,0.0,0.0,0.0,0.0,0.0,0.0,0.0,0.0,0.0,0.0,0.0,0.0,0.0,0.0,0.0,0.0,0.0,0.0,0.0,0.0,0.0,0.0,0.0,M,M,M,0.0,0.0,0.0,0.0
US1INDL0012,"YORKTOWN 1.1 NNW","DELAWARE",928,40.19,-85.49,0.0,0.0,0.0,M,0.0,0.0,0.0,0.0,0.0,0.0,0.0,0.0,0.0,0.0,0.0,0.0,M,M,M,0.0,0.0,M,M,0.0,0.0,0.0,0.0,M,M,M,0.0
USC00129905,"YOUNG AMERICA","CASS",773,40.56,-86.34,0.0,0.0,0.0,0.0,0.0,0.0,0.0,0.0,0.0,0.0,0.0,0.0,0.0,0.0,0.0,0.0,0.0,0.0,0.0,0.0,0.0,0.0,0.0,0.0,0.0,0.0,0.0,0.0,0.0,0.0,0.0
US1INBN0055,"ZIONSVILLE 0.5 ESE","BOONE",841,39.95,-86.26,0.0,M,0.0,M,0.0,0.0,0.0,0.0,0.0,0.0,M,0.0,0.0,0.0,M,M,M,M,M,M,M,M,M,M,M,M,M,M,M,M,M
US1INBN0037,"ZIONSVILLE 3.8 N","BOONE",909,40.00,-86.27,0.0,M,M,M,0.0,0.0,0.0,0.0,0.0,0.0,M,0.0,0.0,0.0,0.0,0.0,0.0,M,0.0,0.0,0.0,M,M,0.0,0.0,0.0,0.0,M,M,0.0,0.0
US1INBN0053,"ZIONSVILLE 4.3 NNW","BOONE",879,40.01,-86.29,0.0,M,0.0,M,0.0,0.0,M,M,0.0,M,M,0.0,0.0,0.0,0.0,0.0,0.0,M,0.0,0.0,M,M,M,0.0,0.0,0.0,0.0,M,M,0.0,0.0
