Louisiana Snowfall, August 2017
"GHCN ID","Station Name",County,Elevation,Latitude,Longitude,"Aug 1","Aug 2","Aug 3","Aug 4","Aug 5","Aug 6","Aug 7","Aug 8","Aug 9","Aug 10","Aug 11","Aug 12","Aug 13","Aug 14","Aug 15","Aug 16","Aug 17","Aug 18","Aug 19","Aug 20","Aug 21","Aug 22","Aug 23","Aug 24","Aug 25","Aug 26","Aug 27","Aug 28","Aug 29","Aug 30","Aug 31"
US1LAVM0004,"ABBEVILLE 1.0 E","VERMILION",12,29.98,-92.11,0.0,0.0,M,M,0.0,M,M,M,M,M,M,M,M,M,0.0,M,M,0.0,0.0,M,0.0,M,M,0.0,M,M,M,M,M,M,M
US1LAST0009,"ABITA SPRINGS 1.9 NE","ST. TAMMANY",37,30.50,-90.01,0.0,0.0,M,M,M,M,M,M,0.0,0.0,M,M,0.0,M,M,M,M,0.0,M,M,0.0,M,M,0.0,M,0.0,M,0.0,M,M,M
US1LAST0007,"ABITA SPRINGS 2.2 SSW","ST. TAMMANY",30,30.45,-90.05,M,0.0,M,M,M,M,M,M,M,M,M,M,M,0.0,M,M,M,0.0,0.0,M,0.0,M,M,0.0,M,0.0,M,M,M,M,M
USC00160098,"ALEXANDRIA","RAPIDES",87,31.32,-92.46,M,0.0,0.0,0.0,0.0,0.0,0.0,0.0,M,M,0.0,0.0,0.0,0.0,0.0,0.0,0.0,M,M,M,0.0,M,0.0,0.0,0.0,0.0,0.0,M,M,0.0,0.0
US1LARP0007,"ALEXANDRIA 2.8 SW","RAPIDES",80,31.26,-92.49,0.0,M,M,M,M,M,M,M,M,M,M,M,M,M,M,M,M,M,M,M,M,M,M,M,M,M,M,M,M,M,M
USC00160103,"ALEXANDRIA 5 SSE","RAPIDES",85,31.25,-92.45,M,M,M,M,M,M,M,M,0.0,0.0,M,M,M,M,M,M,0.0,M,M,M,M,0.0,M,M,M,M,M,M,M,M,M
USW00093915,"ALEXANDRIA INTL AP","RAPIDES",84,31.33,-92.56,0.0,0.0,0.0,0.0,0.0,0.0,0.0,0.0,0.0,0.0,0.0,0.0,0.0,0.0,0.0,0.0,0.0,0.0,0.0,0.0,0.0,0.0,0.0,0.0,0.0,0.0,0.0,0.0,0.0,0.0,0.0
USC00160277,"ARCADIA","BIENVILLE",400,32.55,-92.92,0.0,0.0,0.0,0.0,0.0,0.0,0.0,0.0,0.0,0.0,0.0,0.0,0.0,0.0,0.0,0.0,0.0,0.0,0.0,0.0,0.0,0.0,0.0,0.0,0.0,0.0,0.0,0.0,0.0,0.0,0.0
US1LAEB0046,"BATON ROUGE 1.4 WSW","EAST BATON ROUGE",46,30.44,-91.15,0.0,0.0,M,M,M,M,M,M,M,M,M,M,M,0.0,M,M,M,M,0.0,M,0.0,0.0,M,0.0,M,0.0,M,M,M,M,M
US1LAEB0027,"BATON ROUGE 2.5 E","EAST BATON ROUGE",82,30.45,-91.08,M,0.0,M,M,0.0,M,M,M,M,M,M,M,0.0,0.0,M,M,M,M,0.0,M,0.0,M,M,0.0,M,M,M,M,M,M,M
US1LAEB0002,"BATON ROUGE 2.7 SW","EAST BATON ROUGE",69,30.42,-91.16,0.0,0.0,M,M,M,M,M,M,M,M,M,M,M,M,M,M,M,0.0,M,M,0.0,M,M,M,0.0,M,M,M,M,M,M
US1LAEB0053,"BATON ROUGE 3.0 SSE","EAST BATON ROUGE",30,30.41,-91.11,0.0,0.0,M,0.0,M,M,M,M,M,M,M,M,M,M,M,M,M,M,M,M,M,M,M,0.0,0.0,M,M,M,M,M,M
US1LAEB0014,"BATON ROUGE 3.5 E","EAST BATON ROUGE",59,30.44,-91.07,0.0,0.0,M,M,0.0,M,M,M,M,M,M,M,0.0,0.0,M,M,M,0.0,0.0,M,0.0,0.0,M,M,M,M,M,M,M,M,M
US1LAEB0060,"BATON ROUGE 4.0 SSE","EAST BATON ROUGE",31,30.40,-91.09,M,M,M,M,M,M,M,M,M,M,M,M,M,0.0,M,M,M,M,0.0,M,0.0,0.0,M,M,0.0,0.0,M,M,M,M,M
US1LAEB0041,"BATON ROUGE 4.3 S","EAST BATON ROUGE",30,30.39,-91.14,0.0,0.0,M,M,M,0.0,M,M,M,M,M,M,0.0,0.0,M,0.0,M,0.0,0.0,M,0.0,M,M,M,0.0,0.0,M,M,M,M,M
USC00160548,"BATON ROUGE CONCORD","EAST BATON ROUGE",50,30.42,-91.13,0.0,0.0,M,M,0.0,M,M,M,M,M,M,M,0.0,0.0,0.0,M,M,0.0,M,M,0.0,0.0,M,M,0.0,M,M,M,M,M,M
USW00013970,"BATON ROUGE RYAN AP","EAST BATON ROUGE",64,30.54,-91.15,0.0,0.0,0.0,0.0,0.0,0.0,0.0,0.0,0.0,0.0,0.0,0.0,0.0,0.0,0.0,0.0,0.0,0.0,0.0,0.0,0.0,0.0,0.0,0.0,0.0,0.0,0.0,0.0,0.0,0.0,0.0
USC00160718,"BENTON  5E","BOSSIER",200,32.70,-93.66,0.0,0.0,0.0,0.0,0.0,0.0,0.0,0.0,0.0,0.0,0.0,0.0,0.0,0.0,0.0,0.0,0.0,0.0,0.0,0.0,0.0,0.0,0.0,0.0,0.0,0.0,0.0,0.0,0.0,0.0,0.0
US1LABS0019,"BOSSIER CITY 4.0 S","BOSSIER",161,32.46,-93.66,0.0,M,M,0.0,M,M,M,M,M,M,0.0,M,M,M,M,M,M,0.0,0.0,0.0,M,0.0,M,M,0.0,M,M,M,0.0,M,M
US1LABS0001,"BOSSIER CITY 6.7 NNW","BOSSIER",172,32.61,-93.71,M,M,0.0,M,M,M,M,M,M,M,M,M,M,M,M,M,M,M,M,M,M,M,M,M,M,M,M,M,M,M,M
US1LABS0016,"BOSSIER CITY 8.2 NNW","BOSSIER",176,32.62,-93.73,0.0,M,M,0.0,M,M,M,M,M,M,M,M,M,M,0.0,0.0,M,M,0.0,0.0,M,0.0,0.0,0.0,M,M,M,M,M,M,M
USC00161232,"BOYCE 3 WNW","RAPIDES",110,31.39,-92.72,M,M,M,0.0,0.0,0.0,M,M,M,M,M,0.0,0.0,0.0,0.0,M,M,M,M,M,M,M,0.0,0.0,M,M,M,M,M,M,M
US1LAEB0023,"BROWNFIELDS 4.0 E","EAST BATON ROUGE",72,30.55,-91.05,0.0,0.0,0.0,0.0,M,M,M,M,M,M,M,M,0.0,0.0,0.0,M,M,0.0,0.0,M,0.0,0.0,M,0.0,0.0,0.0,0.0,M,M,M,M
US1LAEB0009,"BROWNFIELDS 5.8 NE","EAST BATON ROUGE",105,30.61,-91.05,M,0.0,M,0.0,M,M,M,M,M,M,M,M,0.0,0.0,0.0,M,M,0.0,0.0,M,0.0,M,M,0.0,M,0.0,0.0,M,M,M,M
USC00161287,"BUNKIE","AVOYELLES",80,30.96,-92.18,M,M,M,M,M,M,M,M,M,M,M,M,M,M,M,M,M,M,M,M,0.0,M,M,M,M,M,M,M,M,M,M
US1LAAV0001,"BUNKIE 0.3 WSW","AVOYELLES",79,30.95,-92.19,0.0,M,M,M,0.0,0.0,M,0.0,M,M,M,M,M,0.0,0.0,0.0,M,M,M,M,M,0.0,M,0.0,M,M,M,M,M,M,M
US1LAOC0016,"CALHOUN 4.3 SSE","OUACHITA",145,32.45,-92.34,0.0,M,M,0.0,0.0,0.0,M,M,M,M,M,M,0.0,0.0,0.0,M,0.0,M,0.0,0.0,0.0,0.0,0.0,M,0.0,M,0.0,M,M,M,M
US1LALY0007,"CARENCRO 3.9 ENE","LAFAYETTE",18,30.34,-91.98,M,M,M,M,M,M,M,M,M,M,M,0.0,M,0.0,M,0.0,M,0.0,M,M,M,M,M,M,M,M,M,M,M,M,M
US1LAEB0031,"CENTRAL 2.2 SE","EAST BATON ROUGE",89,30.54,-91.00,0.0,0.0,M,0.0,0.0,M,M,M,0.0,M,M,0.0,0.0,0.0,M,M,0.0,0.0,0.0,M,0.0,M,0.0,0.0,0.0,0.0,M,M,M,M,M
US1LAAC0002,"CHURCH POINT 0.7 WSW","ACADIA",49,30.40,-92.22,0.0,0.0,M,M,M,M,M,M,M,M,M,0.0,M,0.0,M,M,M,M,0.0,M,0.0,0.0,0.0,0.0,M,M,M,M,M,M,M
US1LACW0003,"COLUMBIA 4.1 NNW","CALDWELL",70,32.16,-92.11,0.0,M,M,0.0,M,M,M,M,M,M,M,M,0.0,0.0,0.0,0.0,M,M,M,M,M,M,M,M,M,M,M,M,M,M,M
USC00161979,"COLUMBIA LOCK","CALDWELL",80,32.17,-92.11,0.0,0.0,0.0,0.0,0.0,0.0,0.0,0.0,0.0,0.0,0.0,0.0,0.0,M,0.0,0.0,0.0,0.0,0.0,0.0,0.0,0.0,0.0,0.0,0.0,0.0,0.0,0.0,0.0,0.0,0.0
US1LARR0001,"COUSHATTA 1.4 NE","RED RIVER",182,32.04,-93.32,0.0,M,M,M,M,M,M,M,M,M,M,M,M,M,0.0,0.0,0.0,M,M,M,M,0.0,0.0,M,M,M,M,M,M,M,M
US1LALV0004,"DENHAM SPRINGS 4.1 NE","LIVINGSTON",69,30.52,-90.91,0.0,0.0,M,M,M,M,M,M,M,M,M,M,M,0.0,0.0,M,M,M,M,M,M,M,M,0.0,M,0.0,0.0,M,M,M,M
US1LALV0002,"DENHAM SPRINGS 6.8 N","LIVINGSTON",108,30.58,-90.97,0.0,0.0,M,M,M,0.0,M,M,M,M,M,0.0,0.0,0.0,0.0,M,0.0,0.0,0.0,M,0.0,M,M,M,M,M,0.0,M,M,M,M
USC00162534,"DONALDSONVILLE 4 SW","ASSUMPTION",30,30.07,-91.03,0.0,0.0,M,M,0.0,0.0,M,M,M,M,M,M,0.0,0.0,M,M,M,0.0,0.0,M,0.0,0.0,0.0,0.0,M,M,M,M,M,M,M
US1LAWS0002,"FRANKLINTON 0.4 ENE","WASHINGTON",190,30.85,-90.14,0.0,0.0,M,0.0,0.0,0.0,M,M,M,M,M,M,M,M,0.0,M,M,0.0,0.0,0.0,0.0,0.0,M,0.0,0.0,0.0,0.0,M,M,M,M
US1LAEB0005,"GARDERE 1.2 ENE","EAST BATON ROUGE",56,30.37,-91.12,0.0,0.0,M,M,M,M,M,M,M,M,M,M,M,M,M,M,M,M,M,M,M,M,M,M,M,0.0,M,M,M,M,M
US1LANT0005,"GOLDONNA 1.5 N","NATCHITOCHES",196,32.04,-92.91,0.0,M,M,0.0,M,0.0,0.0,M,M,M,M,M,M,0.0,0.0,M,0.0,M,0.0,M,M,M,0.0,M,0.0,0.0,M,M,M,M,M
US1LAAS0005,"GONZALES 4.0 S","ASCENSION",16,30.16,-90.92,0.0,M,M,M,M,M,M,M,M,M,M,0.0,0.0,M,M,M,0.0,0.0,0.0,M,0.0,M,0.0,0.0,0.0,M,M,M,M,M,0.0
US1LAAS0011,"GONZALES 4.5 S","ASCENSION",14,30.15,-90.93,0.0,0.0,M,M,M,M,M,M,M,M,M,M,M,0.0,M,M,0.0,0.0,0.0,M,0.0,M,M,0.0,0.0,0.0,M,M,M,M,M
US1LASJ0002,"GRAMERCY 0.4 NW","ST. JAMES",1,30.06,-90.70,0.0,0.0,M,M,M,M,M,M,M,M,M,M,M,M,M,M,M,0.0,M,M,0.0,M,M,0.0,0.0,0.0,M,M,M,M,M
US1LASL0001,"GRAND COTEAU 2.7 E","ST. LANDRY",56,30.42,-92.00,0.0,0.0,M,M,0.0,M,M,M,M,M,M,M,M,0.0,0.0,M,M,0.0,0.0,M,0.0,M,M,0.0,M,M,M,M,M,M,M
US1LATR0005,"GRAY 0.5 ENE","TERREBONNE",7,29.68,-90.77,M,M,M,M,M,M,M,M,M,M,M,M,M,M,M,M,M,0.0,0.0,M,M,M,M,M,M,M,M,M,M,M,M
US1LATG0002,"HAMMOND 2.3 WSW","TANGIPAHOA",30,30.50,-90.50,0.0,0.0,M,M,M,M,M,M,M,M,M,0.0,0.0,0.0,M,M,M,0.0,0.0,M,0.0,M,0.0,0.0,M,0.0,0.0,M,M,M,M
USC00164050,"HANNA 4 SSE","RED RIVER",118,31.92,-93.32,0.0,0.0,0.0,0.0,0.0,0.0,0.0,0.0,0.0,0.0,0.0,0.0,0.0,0.0,0.0,0.0,0.0,0.0,0.0,0.0,0.0,0.0,0.0,0.0,0.0,0.0,0.0,0.0,0.0,0.0,0.0
US1LAEB0042,"INNISWOLD 2.8 S","EAST BATON ROUGE",35,30.36,-91.08,0.0,0.0,M,M,M,M,M,M,M,M,0.0,M,0.0,0.0,M,M,M,0.0,0.0,M,0.0,0.0,M,0.0,0.0,0.0,M,M,M,M,M
US1LACC0003,"IOWA 0.9 ESE","CALCASIEU",20,30.23,-93.00,0.0,M,M,0.0,M,M,M,M,M,M,M,M,0.0,M,M,M,M,0.0,M,0.0,0.0,0.0,M,M,M,M,M,M,M,M,M
US1LACC0009,"IOWA 9.7 NNW","CALCASIEU",15,30.37,-93.07,0.0,0.0,M,0.0,M,M,M,M,M,M,M,M,0.0,0.0,M,M,M,M,0.0,0.0,0.0,0.0,M,M,M,M,M,M,M,M,M
USC00164592,"JAMESTOWN","BIENVILLE",190,32.35,-93.20,0.0,0.0,0.0,0.0,0.0,0.0,0.0,0.0,0.0,0.0,0.0,0.0,0.0,0.0,0.0,0.0,0.0,0.0,0.0,0.0,0.0,0.0,0.0,0.0,0.0,0.0,0.0,0.0,0.0,0.0,0.0
USC00164739,"JONESVILLE LOCKS","CATAHOULA",70,31.48,-91.86,0.0,0.0,0.0,M,M,M,M,M,M,M,M,0.0,0.0,0.0,0.0,M,M,M,M,M,M,M,M,M,0.0,0.0,0.0,0.0,0.0,M,M
US1LAVM0002,"KAPLAN 1.6 SSE","VERMILION",7,29.98,-92.27,0.0,0.0,M,M,0.0,M,M,M,M,M,M,M,M,0.0,0.0,M,M,0.0,0.0,0.0,0.0,M,M,0.0,M,M,M,M,M,M,M
USC00164816,"KEITHVILLE","CADDO",200,32.35,-93.86,0.0,0.0,0.0,0.0,0.0,0.0,0.0,0.0,0.0,0.0,0.0,0.0,0.0,0.0,0.0,0.0,0.0,0.0,0.0,0.0,0.0,0.0,0.0,0.0,0.0,0.0,0.0,0.0,0.0,0.0,0.0
US1LACD0012,"KEITHVILLE 1.5 NNW","CADDO",222,32.36,-93.86,0.0,M,M,0.0,M,0.0,0.0,M,M,0.0,0.0,M,M,M,0.0,0.0,0.0,M,0.0,M,M,0.0,0.0,M,0.0,0.0,M,0.0,M,M,M
USW00013976,"LAFAYETTE REGIONAL AP","LAFAYETTE",38,30.20,-91.99,0.0,0.0,0.0,0.0,0.0,0.0,0.0,0.0,0.0,0.0,0.0,0.0,0.0,0.0,0.0,0.0,0.0,0.0,0.0,0.0,0.0,0.0,0.0,0.0,0.0,0.0,0.0,0.0,0.0,0.0,0.0
US1LACC0014,"LAKE CHARLES 4.8 SSE","CALCASIEU",21,30.15,-93.18,0.0,M,M,M,M,M,M,M,M,M,M,M,0.0,M,M,M,M,0.0,0.0,M,0.0,M,M,M,M,M,M,M,M,M,M
USW00003937,"LAKE CHARLES REGIONAL AP","CALCASIEU",9,30.12,-93.23,0.0,0.0,0.0,0.0,0.0,0.0,0.0,0.0,0.0,0.0,0.0,0.0,0.0,0.0,0.0,0.0,0.0,0.0,0.0,0.0,0.0,0.0,0.0,0.0,0.0,0.0,0.0,0.0,0.0,0.0,0.0
USC00165296,"LELAND BOWMAN LOCK","VERMILION",40,29.79,-92.20,M,0.0,0.0,M,M,M,0.0,0.0,M,M,0.0,M,0.0,M,M,0.0,0.0,M,M,M,M,M,M,M,0.0,0.0,0.0,M,M,0.0,M
US1LAEB0033,"LSU","EAST BATON ROUGE",72,30.41,-91.18,0.0,0.0,M,0.0,M,M,M,M,M,M,M,M,0.0,0.0,M,M,M,0.0,0.0,M,0.0,M,M,0.0,0.0,0.0,M,M,M,M,M
US1LAST0013,"MADISONVILLE 3.2 NNW","ST. TAMMANY",18,30.44,-90.19,M,M,M,M,M,M,M,M,M,M,M,M,M,M,M,M,M,M,M,M,0.0,M,M,M,M,M,M,M,M,M,M
US1LAST0012,"MANDEVILLE 3.1 NNW","ST. TAMMANY",15,30.41,-90.11,M,M,M,M,M,M,M,M,M,M,M,M,0.0,M,M,M,M,M,M,M,M,M,M,M,M,M,M,M,M,M,M
USC00165896,"MANY 9 WSW","SABINE",286,31.51,-93.62,0.0,0.0,0.0,0.0,0.0,0.0,0.0,0.0,0.0,0.0,0.0,0.0,0.0,0.0,0.0,0.0,0.0,0.0,0.0,0.0,0.0,0.0,0.0,0.0,0.0,0.0,0.0,0.0,0.0,0.0,0.0
USC00166130,"MERAUX","ST. BERNARD",4,29.93,-89.93,0.0,0.0,M,M,M,M,M,M,M,M,M,M,M,M,M,M,0.0,M,0.0,M,0.0,M,M,0.0,0.0,0.0,0.0,M,M,M,M
US1LAJF0013,"METAIRIE 1.6 ESE","JEFFERSON",0,29.99,-90.15,0.0,0.0,M,M,M,M,M,M,M,M,M,M,0.0,M,M,M,0.0,M,M,M,M,M,M,M,0.0,0.0,0.0,M,M,M,M
USC00166244,"MINDEN","WEBSTER",185,32.61,-93.29,0.0,0.0,0.0,0.0,0.0,0.0,0.0,0.0,0.0,0.0,0.0,0.0,0.0,0.0,0.0,0.0,0.0,0.0,0.0,0.0,0.0,0.0,0.0,0.0,0.0,0.0,0.0,0.0,0.0,0.0,0.0
US1LAWR0004,"MINDEN 2.2 NE","WEBSTER",325,32.64,-93.25,0.0,M,M,0.0,0.0,0.0,0.0,M,0.0,M,0.0,M,M,0.0,0.0,0.0,0.0,M,0.0,0.0,0.0,0.0,0.0,0.0,0.0,M,0.0,M,M,M,M
US1LAOC0004,"MONROE 1.9 NNW","OUACHITA",89,32.54,-92.09,M,0.0,M,M,M,M,M,M,M,M,M,M,M,M,M,M,M,M,M,M,M,M,M,M,M,M,M,M,M,M,M
US1LAOC0005,"MONROE 2.4 WNW","OUACHITA",85,32.53,-92.12,0.0,M,M,0.0,M,M,M,M,M,M,M,M,M,M,0.0,M,M,M,0.0,M,0.0,0.0,0.0,M,M,M,M,M,M,M,M
US1LAOC0019,"MONROE 2.5 NNW","OUACHITA",72,32.55,-92.10,M,M,M,M,M,M,M,M,M,M,M,M,M,M,M,M,M,M,M,M,M,M,M,M,M,M,M,M,M,0.0,M
US1LAOC0014,"MONROE 3.2 SSE","OUACHITA",69,32.47,-92.06,0.0,M,M,0.0,M,M,M,M,M,M,M,M,M,M,0.0,M,M,M,M,M,M,M,M,M,M,M,M,M,M,M,M
US1LAOC0023,"MONROE 5.5 ENE","OUACHITA",82,32.54,-92.00,0.0,0.0,M,0.0,0.0,0.0,M,M,M,M,M,M,0.0,0.0,0.0,M,M,M,M,M,0.0,M,0.0,M,0.0,M,0.0,M,M,M,M
USW00013942,"MONROE REGIONAL AP","OUACHITA",79,32.52,-92.04,0.0,0.0,0.0,0.0,0.0,0.0,0.0,0.0,0.0,0.0,0.0,0.0,0.0,0.0,0.0,0.0,0.0,0.0,0.0,0.0,0.0,0.0,0.0,0.0,0.0,0.0,0.0,0.0,0.0,0.0,0.0
US1LAEB0019,"MONTICELLO 3.0 ENE","EAST BATON ROUGE",59,30.51,-91.00,M,M,M,M,M,M,M,M,M,M,M,M,M,0.0,0.0,M,M,0.0,M,M,M,M,M,M,M,M,0.0,M,M,M,M
USC00166364,"MOORINGSPORT 1 N","CADDO",200,32.71,-93.96,M,0.0,0.0,0.0,0.0,0.0,0.0,0.0,0.0,0.0,0.0,0.0,0.0,0.0,0.0,0.0,0.0,0.0,0.0,0.0,0.0,0.0,0.0,0.0,0.0,0.0,0.0,0.0,M,0.0,0.0
USC00166394,"MORGAN CITY","ST. MARY",5,29.68,-91.18,M,M,M,M,M,M,M,0.0,0.0,M,M,M,M,M,M,M,0.0,0.0,M,M,M,M,M,M,M,0.0,M,0.0,M,M,M
USC00166584,"NATCHITOCHES #2","NATCHITOCHES",141,31.81,-93.09,0.0,0.0,0.0,0.0,0.0,0.0,0.0,0.0,0.0,0.0,0.0,0.0,0.0,0.0,0.0,0.0,0.0,0.0,0.0,0.0,0.0,0.0,0.0,0.0,0.0,0.0,0.0,0.0,0.0,0.0,0.0
USW00053915,"NEW IBERIA AIRPORT - ACADIANA REG","IBERIA",24,30.04,-91.88,0.0,0.0,0.0,0.0,0.0,0.0,0.0,0.0,0.0,0.0,0.0,0.0,0.0,0.0,0.0,0.0,0.0,0.0,0.0,0.0,0.0,0.0,0.0,0.0,0.0,0.0,0.0,0.0,0.0,0.0,0.0
US1LAOR0006,"NEW ORLEANS 2.1 ENE","ORLEANS",8,29.96,-90.04,0.0,0.0,M,M,M,M,M,M,M,M,M,M,M,M,M,M,M,M,M,M,M,M,M,M,M,M,M,M,M,M,M
US1LAOR0003,"NEW ORLEANS 3.6 SW","ORLEANS",10,29.92,-90.12,M,M,M,M,M,M,M,M,M,M,M,M,M,M,M,M,M,M,M,M,M,M,0.0,0.0,0.0,0.0,0.0,M,M,M,M
USW00012916,"NEW ORLEANS AP","JEFFERSON",4,30.00,-90.28,0.0,0.0,0.0,0.0,0.0,0.0,0.0,0.0,0.0,0.0,0.0,0.0,0.0,0.0,0.0,0.0,0.0,0.0,0.0,0.0,0.0,0.0,0.0,0.0,0.0,0.0,0.0,0.0,0.0,0.0,0.0
US1LAPC0002,"NEW ROADS 2.7 ESE","POINTE COUPEE",56,30.68,-91.41,M,M,M,M,M,M,M,M,M,M,M,M,M,M,M,M,M,M,M,M,M,M,M,M,M,0.0,M,M,M,M,M
USC00167344,"PLAIN DEALING","BOSSIER",251,32.89,-93.69,0.0,0.0,0.0,M,0.0,0.0,0.0,M,M,M,M,M,M,M,M,M,M,M,M,M,M,M,M,M,M,M,M,M,M,M,0.0
USC00167425,"PONCHATOULA","TANGIPAHOA",21,30.46,-90.45,M,M,M,M,M,0.0,M,M,M,M,M,0.0,0.0,0.0,M,M,M,0.0,M,M,0.0,M,0.0,0.0,M,M,0.0,M,M,M,M
US1LATG0012,"PONCHATOULA 0.7 SW","TANGIPAHOA",13,30.43,-90.45,M,0.0,M,M,M,0.0,M,M,M,0.0,M,M,M,0.0,M,M,M,0.0,0.0,M,0.0,M,M,0.0,M,0.0,0.0,M,M,M,M
US1LATG0010,"PONCHATOULA 4.9 E","TANGIPAHOA",15,30.43,-90.36,0.0,0.0,M,M,0.0,0.0,M,M,M,0.0,M,0.0,0.0,0.0,M,M,M,0.0,0.0,M,0.0,M,M,0.0,M,0.0,0.0,M,M,M,M
US1LABG0002,"RAGLEY 5.0 SE","BEAUREGARD",74,30.47,-93.16,0.0,0.0,M,M,0.0,M,M,M,M,M,M,M,0.0,0.0,M,M,0.0,M,0.0,0.0,0.0,0.0,0.0,M,M,M,M,M,M,M,M
USC00167738,"RED RIVER RESEARCH  STATION","BOSSIER",155,32.42,-93.64,0.0,0.0,0.0,0.0,0.0,0.0,0.0,0.0,0.0,0.0,0.0,0.0,0.0,0.0,0.0,0.0,0.0,M,0.0,0.0,0.0,0.0,0.0,0.0,0.0,0.0,0.0,0.0,0.0,0.0,0.0
US1LAUN0002,"ROCKY BRANCH 1.3 W","UNION",128,32.68,-92.22,0.0,0.0,M,0.0,M,M,M,M,M,M,M,M,M,M,M,M,M,M,M,M,M,M,M,M,M,M,M,M,M,M,M
US1LALN0008,"RUSTON 5.4 ENE","LINCOLN",264,32.56,-92.55,0.0,M,0.0,0.0,M,0.0,M,M,M,M,M,M,M,0.0,0.0,0.0,0.0,M,0.0,0.0,0.0,0.0,0.0,0.0,0.0,M,0.0,M,M,M,M
US1LALN0003,"RUSTON 5.5 NNW","LINCOLN",179,32.61,-92.66,0.0,M,M,0.0,M,M,M,M,M,M,0.0,M,M,M,M,M,M,M,M,M,M,M,M,M,0.0,0.0,0.0,M,0.0,M,M
USC00168094,"SAILES FIRE TOWER","BIENVILLE",277,32.36,-93.14,0.0,0.0,0.0,0.0,0.0,0.0,0.0,0.0,0.0,0.0,0.0,0.0,0.0,0.0,0.0,0.0,0.0,0.0,0.0,0.0,0.0,0.0,0.0,0.0,0.0,0.0,0.0,0.0,0.0,0.0,0.0
US1LAEB0022,"SHENANDOAH 1.5 E","EAST BATON ROUGE",72,30.40,-90.98,M,M,M,M,M,M,M,M,M,M,M,M,M,M,M,M,M,M,M,M,M,M,M,0.0,M,M,M,M,M,M,M
US1LACD0025,"SHREVEPORT 4.2 E","CADDO",171,32.48,-93.73,M,M,M,M,M,M,M,M,M,M,M,M,M,M,M,M,M,M,M,M,0.0,M,M,M,M,M,M,M,0.0,0.0,0.0
US1LACD0001,"SHREVEPORT 6.2 S","CADDO",194,32.38,-93.80,0.0,M,M,0.0,M,0.0,M,M,M,M,0.0,M,M,M,M,0.0,0.0,M,0.0,0.0,M,0.0,0.0,M,0.0,M,M,M,M,M,M
USW00013957,"SHREVEPORT REGIONAL AP","CADDO",254,32.45,-93.82,0.0,0.0,0.0,0.0,0.0,0.0,0.0,0.0,0.0,0.0,0.0,0.0,0.0,0.0,0.0,0.0,0.0,0.0,0.0,0.0,0.0,0.0,0.0,0.0,0.0,0.0,0.0,0.0,0.0,0.0,0.0
USC00168444,"SHREVEPORT SOUTHERN HILLS","CADDO",200,32.39,-93.78,0.0,0.0,0.0,0.0,0.0,0.0,0.0,0.0,0.0,0.0,0.0,0.0,0.0,0.0,0.0,0.0,0.0,0.0,0.0,0.0,0.0,0.0,0.0,0.0,0.0,0.0,0.0,0.0,0.0,0.0,0.0
USC00168448,"SHREVEPORT WFO","CADDO",274,32.45,-93.84,0.0,0.0,0.0,0.0,0.0,0.0,0.0,0.0,0.0,0.0,0.0,0.0,0.0,0.0,0.0,0.0,0.0,0.0,0.0,0.0,0.0,0.0,0.0,0.0,0.0,0.0,0.0,0.0,0.0,0.0,0.0
US1LAST0010,"SLIDELL 0.2 SE","ST. TAMMANY",12,30.28,-89.77,0.0,0.0,M,M,M,M,M,M,M,M,M,0.0,0.0,M,0.0,M,0.0,0.0,0.0,M,0.0,M,M,0.0,M,0.0,M,M,M,M,M
US1LAST0006,"SLIDELL 2.2 NE","ST. TAMMANY",13,30.30,-89.75,0.0,0.0,M,M,M,M,M,M,M,M,0.0,M,M,M,M,0.0,0.0,0.0,0.0,0.0,0.0,M,M,0.0,0.0,0.0,0.0,M,M,M,M
US1LASB0002,"ST. BERNARD 2.7 E","ST. BERNARD",3,29.87,-89.81,0.0,0.0,M,M,M,M,M,0.0,0.0,M,M,M,M,0.0,M,M,0.0,M,0.0,0.0,0.0,M,M,0.0,M,0.0,0.0,M,M,M,M
US1LATS0001,"ST. JOSEPH 5.8 NNE","TENSAS",71,31.99,-91.19,M,M,M,M,M,M,M,M,M,M,M,M,M,M,M,M,M,M,M,M,0.0,0.0,M,M,M,M,M,M,M,M,M
US1LASM0002,"ST. MARTINVILLE 0.2 S","ST. MARTIN",22,30.12,-91.83,0.0,0.0,M,M,0.0,M,M,M,M,M,M,M,M,M,M,M,M,0.0,0.0,M,0.0,M,0.0,M,M,M,M,M,M,M,M
US1LAOC0001,"SWARTZ 2.0 SSW","OUACHITA",78,32.54,-92.00,0.0,M,M,0.0,M,M,M,M,M,M,M,M,M,M,M,M,M,M,M,M,M,M,M,M,M,M,M,M,M,M,M
USW00003996,"TALLULAH VICKSBURG REGIONAL AP","MADISON",86,32.35,-91.03,0.0,0.0,0.0,0.0,0.0,0.0,0.0,0.0,0.0,0.0,0.0,0.0,0.0,0.0,0.0,0.0,0.0,0.0,0.0,0.0,0.0,0.0,0.0,0.0,0.0,0.0,0.0,0.0,0.0,0.0,0.0
USC00169074,"TOLEDO BEND LAKE","SABINE",181,31.20,-93.57,0.0,0.0,0.0,0.0,0.0,0.0,0.0,0.0,0.0,0.0,0.0,0.0,0.0,0.0,0.0,0.0,0.0,0.0,0.0,0.0,0.0,0.0,0.0,0.0,0.0,0.0,0.0,0.0,0.0,0.0,0.0
US1LAWF0004,"WAKEFIELD 0.9 WNW","WEST FELICIANA",242,30.89,-91.36,0.0,0.0,M,0.0,M,M,M,M,M,M,M,0.0,0.0,M,0.0,M,M,0.0,M,0.0,M,M,0.0,M,0.0,0.0,M,M,0.0,M,M
US1LAJD0002,"WELSH 0.7 W","JEFFERSON DAVIS",12,30.24,-92.82,0.0,M,M,0.0,0.0,0.0,0.0,M,M,M,0.0,M,M,0.0,M,M,M,M,0.0,0.0,0.0,0.0,M,0.0,M,M,M,M,M,M,M
USC00169980,"ZWOLLE 2 NW","SABINE",209,31.67,-93.67,0.0,0.0,0.0,0.0,0.0,0.0,0.0,0.0,0.0,0.0,0.0,0.0,0.0,0.0,0.0,0.0,0.0,0.0,0.0,0.0,0.0,0.0,0.0,0.0,0.0,0.0,0.0,0.0,0.0,0.0,0.0
